id,date,stamp_raw,transaction,category,area,price,currency,price_text,size_m2,land_dunum,floor,price_per_m2,score,has_photos,tags,raw_text
855a41d561,2026-09-01,"9/1/26, 11:24:44 AM",بيع,محل/تجاري,ركن الدين,76000,$,المطلوب 76 الف دولار,25.0,,,3040.0,5,False,تجاري,"للبيع محل تجاري 🌷
بالشرقي ركن الدين بالسوق التجاري
طابقين تحت 25 متر وفوق 27 متر 
يصلح لاي عمل تجاري
طابو ملكيه وفروغ المطلوب 76 الف دولار🌷"
6909a63328,2026-09-01,"9/1/26, 11:24:44 AM",مطلوب شراء,محل/تجاري,ركن الدين,400,$,مطلوب 400 دولار,33.0,,,12.12,4,False,تجاري,"للإيجار محل 💥
بشرقي ركن الدين بالسوق التجاري
33 متر 
اكساء سوبر يصلح لاي عمل تجاري
مطلوب 400 دولار💥R"
8fed70432a,2026-09-01,"9/1/26, 9:36:59 AM",بيع,سكني,الميسات,,,,,,,,2,True,فيديو,"🌷شقه للبيع الميسات عند دوار الميسات
نزول شاحطين مشمس ومهوي 80م غرفتين وصالون وجنينه اكساء سوبر ديلوكس لسا ما انسكن البيت 
الملكية حكم محكمه قابل يصيرطابو
100 الف وبازار.🌷.
فيديوللزبون"
63e483cf79,2026-09-01,"9/1/26, 7:31:19 AM",بيع,سكني,,135000,$,المطلوب 135 الف$,75.0,,"ملحق, طابق رابع",1800.0,4,True,حديقة; صور; مصعد; طاقة,"للبيع شقه🌷
 مقابل حديقة شكو 
نزلة الدكاترة الخاني 
ملحق نظامي 
طابق رابع
مع مصعد خارجي يعمل ع الطاقة الشمسية 24 ساعة 
قبلي شمالي 
مساحة 75 متر 
كسوة ديلوكس 
غرفتين و صالون و منتفعات
طاقة شمسية ألواح +بطارية ليثيوم للبيت وطاقة مياه ساخنة
المطلوب 135 الف$ و سكرا
يوجد صور🌷"
aa3e73de2f,2026-09-01,"9/1/26, 7:25:55 AM",إيجار,محل/تجاري,شعلان,36,$,السعر : 000 36$,150.0,,طابق ثاني,0.24,5,False,حديقة; تجاري,"صالة للآجار 
✨️✨️✨️✨️✨️✨️
النوع : تجاري 
الموقع : شعلان ، حديقة السبكي 
المساحة : 150 متر 
ارتفاع سقف : 7 امتار 
يوجد طابق ثاني بمساحة 50 متر 
الاكساء : فوق الممتاز 
السعر : 000 36$ وبازار خفيف 
+عمولة مكتب : اجار شهر 
الدفع : سنوي
✨️✨️✨️✨️"
02c9bef04c,2026-09-01,"9/1/26, 7:25:54 AM",بيع,سكني,خالدابن الوليد,110000,$,المطلوب 110الف دولار,105.0,,"قبو, ملحق, طابق تالت",1047.62,5,True,قبو; صور; مصعد; سطح,"للبيع منزل 
🌈🌈🌈🌈
شارع خالدابن الوليدقرب جامع زيد  مقابل مشفى الكندي
طابق تالت ملحق
المساحة105م بلاطة
توزيع 3غرف وصالون
كسوة سوبرديلوكس بناءجديد
اتجاه شرقي ومنورعلقبلي
يوجدحصة بسطح وبلقبو
برندات لايوجد
مصعدلايوجد مع قابلية تركيب 
ملكية حكم محكمة قابل للتطويب
البناءمدعم ضدالزلازل
المطلوب 110الف دولار وسكرة  يوجد صور
🌈🌈"
c5c602c253,2026-09-01,"9/1/26, 3:26:29 AM",إيجار,محل/تجاري,,100000,$,100 الف $,80.0,,,1250.0,3,True,تجاري; صور,"للاجار محل🪷
 تجاري يصلح لاي عمل 
 بموقع مميز جداً 
كسوة ممتازة
في مرشد خاطر يصل ٥ شوارع رئيسية
٨٠ متر ب.ح
١٠٠ الف $ سنوياً
لا يوجد صور🪷"
f303087e57,2026-09-01,"9/1/26, 2:52:26 AM",بيع/إيجار,تجاري,قرى الشام,290000,$,المطلوب  البيع  290 ألف $,,,,,5,True,حديقة; صور; كراج,"للبيع  او للاجار🎯
فيلا تواميه
 بقرى الشام بالجزيرة الأولى قريبة من ماركت الحرية 
مساحة الارض ٥٠٠ م فيها حديقة أمامية وحديقة خلفية بالإضافة لكراج يتسع لسيارتين 
الفيلا عبارة عن طابقين كل طابق مساحته ٨٠ م 
الطابق الأول فيه انتريه وصالون بشكل حرف L ومطبخ وحمام 
الطابق الثاني فيه صوفا وثلاث غرف نوم وحمام 
ملاحظة : الفيلا قابلة ان تكون ثلاثة طوابق بعد ازالة المدرجات  
المطلوب  البيع  290 ألف $ سكرا
االمطلوب الاجار 8000 الاف $ وعمولة شهر للمكتب
يوجد صور للزبون المعتمد🎯"
a8ad67eafe,2026-08-31,"8/31/26, 12:54:34 PM",إيجار,تجاري,,300,$,الاجار 300دولار,100.0,,طابق خامس,3.0,4,True,صور; مصعد,"بيت اجار  فاضي 
✨️✨️✨️✨️✨️✨️
زاهره دخلة فروج السلطان اول دخله ثلاثه غرف وكريدور ١٠٠متر طابق الخامس اتجاه اقبلي شمالي يطل على الشارع الزاهره بيقبل وش دهان  الدفع سنه كامله ٣مليون بشهر+ مليون تأمين كهرباء ومياه +عموله مكتب شهر لايوجد مصعد للآجار بيت زاهرة قديمة شارع الاشمر طابق خامس وليس الاخير مفروش في مصعد  غرفة وصالون  فقط خرج عرسان طلاب جامعه تم تنزيل الاجار 300دولار  فقط الدفع 6اسهر أو سنه حسب العقد
يوجد صور
✨️✨️✨️✨️✨️✨️"
d15e488b42,2026-08-31,"8/31/26, 12:54:34 PM",مطلوب شراء,تجاري,,3000000,SYP?,3 مليون,100.0,,,,4,True,فيديو; مصعد,"للاجار منزل
✨️✨️✨️✨️✨️✨️
 فاضي زاهره دخلة فروج السلطان اول دخله 
3 غرف وكريدور
مساحة 100متر 
طابق الخامس 
اتجاه اقبلي شمالي يطل على شارع الزاهره بيقبل وش دهان  لا يوجد مصعد
المطلوب 3 مليون بالشهر+ مليون تأمين كهرباء ومياه +عموله مكتب شهر 
يوجد فيديو
✨️✨️✨️✨️✨️"
722a1baa0a,2026-08-31,"8/31/26, 12:07:37 PM",بيع,محل/تجاري,الحريقة,,,,35.0,,قبو,,9,False,طابو اخضر; 2400; قبو; تجاري,"للبيع🌹
محلين تجاريين ع الشارع مباشرة بالحريقه شارع الرازي
مقابل البنك الاسلامي
مساحه المحل الاول 35 متر
مساحة المحل التاني 40 متر
واجهه عالشارع بعرض 7.50 متر
وسقيفه 75 متر 
🚫يصلح بامتياز🚫
 بنك مركز صرافه وكالة البسه
طابو اخضر 2400 سهم
ممكن احداث قبو للمحلات
المطلوب مليون $ وبازار🎯"
04fc90ad20,2026-08-31,"8/31/26, 8:08:05 AM",,محل/تجاري,ركن الدين,,,,100.0,,"ارضي, قبو",,4,True,ارضي; قبو; حديقة; فيديو; سطح; حصة بالسطح,منزل ارضي بشرقي ركن الدين قرب صالة الانس  طلوع كم درجة مساحة داخلية ١٠٠متر +تراس وحديقة ٨٥متر سوبرغرفتين نوم وصالون حرف ال شرقي غربي مع حصة بالسطح والقبو تدفئة ارضية حديثة منهي ٢٢٥يوجدفيديو ممنوع من النشر🌷
c56f0eb080,2026-08-31,"8/31/26, 7:43:08 AM",بيع,تجاري,القصر العدلي,600000,$,المطلوب 600 الف$,300.0,,قبو,2000.0,7,False,2400; قبو; مستودع; تجاري,"للبيع عقار 🎯
في دمشق خلف القصر العدلي  مساحه 300 متر
 قبو نزول 10 درجات
المنطقه تجاريه تناسب مستودع ادويه
الموقع ممتاز
وسط البلد
طابو 2400 سهم
المطلوب 600 الف$ و بازار🎯"
259fc5c96a,2026-08-31,"8/31/26, 7:09:41 AM",إيجار,سكني,المهاجرين,,,,160.0,,,,0,True,فيديو,"للاجار بيت🌷
 بالمهاجرين 
 جادات جاده سادسه عشارع العام خط المكرو 👍🏻
البيت على حيط الجامع تماما جامع الهدايه الباب التحتاني من جاده سادسه 
مواصفات البيت  
المساحه 160متر 
طابق  ثاني فني قبل الأخير 
البيت قبلي الشمس لنص البيت التوزيع 4غرف +صالون
 +برنده+مطبخ +حمامين+3مكيفات +3سقايف واسعه 👍🏻
الاطلاله جميله جدااا
الاجار 500 بالشهر  الدفع 6اشهر او سنه
يوجد فيديو🌷"
70a5887cfa,2026-08-31,"8/31/26, 4:52:31 AM",مطلوب شراء,تجاري,,400,$,مطلوب  400 $,,,,,3,True,فيديو,"🌷
منزل اجارغرفة وصالون مفروش خرج عرسان مفروش بالجبة نزول ٤درجات مطلوب  400 $
و عمولة مكتب
يوجد فيديو🌷"
3296b38b65,2026-08-31,"8/31/26, 4:32:45 AM",مطلوب شراء,سكني,,500,$,مطلوب 500$,,,,,1,True,فيديو,"🌷
منزل اجارغرفة وصالون مفروش خرج عرسان مفروش بالجبة نزول ٤درجات مطلوب ٥٠٠$
يوجد فيديو🌷"
90327aafe9,2026-08-31,"8/31/26, 3:52:07 AM",بيع,أرض,ركن الدين,,,,100.0,,"ارضي, طابق رابع",,4,True,طابو اخضر; ارضي; صور,"للبيع🎯
شقة مساحة 100 متر طابو اخضر 
طابق رابع  من اصل 12 طابق
ركن الدين الشرقي خلف الهجرة والجوازات 
مطلة على مدرسة الفنون 
الاكساء جيد جدا حديث
حمامات سيراميك ومطبخ منفوض حديثا 
3 غرف  وبرندا مقززة تعتبر غرفة
ومطبخ وحمام جاكوزي  
رخام ايطالي رمادي الارضيات من افضل الانواع 
البناء مخدم اصنصيرات 24 ساعة و ناطور وكافة الخدمات 
المطلوب ١٨٥ الف وبازار  مرتب يوجد صورا🎯"
f65b33e807,2026-08-31,"8/31/26, 3:24:29 AM",بيع,تجاري,,100000,$,السعر 100ألف$,160.0,,,625.0,7,False,مستودع,"للبيع مستودع💥
 يصلح لكافة المهن نزول شاحط صالحية شارع العابد جادة العاني مساحة 160متر 
فروغ وقابل لشراء الملكية 
السعر 100ألف$💥T"
83da2e0e6e,2026-08-30,"8/30/26, 2:31:43 PM",بيع,,المزة,500000,$,السعر 500 الف $,210.0,,,2380.95,2,True,صور; مصعد; طاقة,"للبيع عقار مميّز 🪷
في اتوستراد المزة الطابق السابع مع مصعد طاقة 
المساحة ٢١٠ متر 
اطلالة رائعة كاشفة الاتوستراد و قاسيون
كسوة ممتازة ديلوكس ٣ غرف و صالونين كبار 
السعر ٥٠٠ الف $ قابل للتفاوض
لا يوجد صور 
معاينة للجادين🪷"
1541f69143,2026-08-30,"8/30/26, 12:36:19 PM",بيع,سكني,المهاجرين,135000,$,المطلوب مع العفش  135الف$,110.0,,"قبو, طابق اول",1227.27,5,False,قبو; طاقة; سطح,"للبيع بسعر لقطة بعد التخفيض🌷
  منزل بالمهاجرين جادة رابعة عاطف بناء الخيمي طابق اول بلاطة كاملة 🏠التوزيع غرفتين نوم +صالون +سفرة+مطبخ كبير+سقيفة  
مساحة ١١٠ متر سطح مشترك
والقبو مشترك
🙏الملكية طابو الفراغ بالسبع بحرات ٢٤٠٠ سهم 
🔥شوفاج كامل مع حراق بالقبو 
🪎الاكساء سوبر ديلوكس جديد 
☁️الاتجاه غربي شمالي 
🧊يوجد ثلاث مكيفات ١طن +مكيف ٢طن وربع عدد١ والتمديد داخلي 
💡يوجد منظومة طاقة بديلة كاملة 
🛋️ ممكن البيع مع الفرش او بدون بسعر مناسب جدا 
🚪 يوجد غرفة مستقلة خاصة لخدمات المنزل 
المطلوب مع العفش  135الف$
المطلوب بدون عفش 125 الف$
Read more"
8b6747b4f0,2026-08-30,"8/30/26, 11:51:40 AM",بيع/إيجار,محل/تجاري,السبع بحرات,250000,$,السعر المطلوب للبيع : 250 ألف دولار,,,طابق ثاني,,5,False,طاقة; سطح,"للبيع أو للإيجار محل🎯
 في السبع بحرات شارع الباكستان ( جادة العاني 
🍁المساحة الكلية : 36 م ( 20 م تحت وطابق ثاني 16 م إرتفاعه 210 سم )
🍁الإكساء : حديث 2024 سوبر ديلوكس .
🍁يوجد حمام ومطبخ المحل مجهز بجميع التمديدات الحديثة ( مجهز ب 3 كاميرات مراقبة ويوجد خزان مياه سعة 3 براميل ونص ع سطح البناء )
🍁يصلح المحل لجميع المهن ( أقمشة ومفروشات ، موبايلات ، مقر لشركة صرافة ، مركز لبيع الطاقة البديلة ، حلاق رجالي نسائي ) 
🍁الملكية : ملك وفروغ .
💥السعر المطلوب للبيع : 250 ألف دولار .
💥الإيجار السنوي : 12000$🎯"
1879960345,2026-08-30,"8/30/26, 11:35:32 AM",بيع,سكني,الميدان,,,,90.0,,قبو,,5,False,طابو أخضر; 2400; قبو; سطح,"للبيع... شقة🎯
 مميزة في أحد أفضل مواقع الميدان – حقلة 

 الموقع: الميدان – حقلة، مقابل جامع سعيد بن زيد.
 الطابق الثاني.
 المساحة: 90 متر
•⁠  ⁠3 غرف واسعة.
•⁠  ⁠صالون مريح.
•⁠  ⁠حمامين.
•⁠  ⁠برندتين.
 شرحة وضاوية باتجاه شرقي – غربي، مما يوفر دخول أشعة الشمس والتهوية الطبيعية طوال اليوم، 
✔️ طابو أخضر (2400 سهم).
✔️ حصة في القبو وحصة في السطح.
✔️ القبو مؤجر لصالح سكان البناية.
Read more"
866e54930d,2026-08-30,"8/30/26, 5:15:23 AM",بيع/إيجار,تجاري,,350,$,مطلوب 350$,,,طابق تاني,,5,True,صور,"منزل للاجاروالبيع 🌷
 شارع اسدالدين طلعة المطبعة عندالخزان طابق تاني مساحة ١١٥ ٣غرف وصالون كسوة جيدة بدوش دهان 
مطلوب ٣٥٠$ 
وعمولة مكتب
مبيع ١١٠🌷
لايوجدصور"
c8640bed81,2026-08-30,"8/30/26, 5:14:13 AM",بيع,سكني,الجسر الأبيض,,,,140.0,,طابق تاني,,2,True,صور,"للبيع بيت 💥
بالجبة قريب ع مدرسة  أم البنين عند نزلة الجسر الأبيض 
طابق تاني مساحة 140 متر 
سوكة كسوة جيدة 
قابل القسم شقتين 
اربع غرف وصالون
سعر 225 الف وبازار
يوجد صور💥ز"
845f2e879c,2026-08-30,"8/30/26, 3:59:15 AM",بيع,سكني,الروضة,,,,,,,,2,False,,"مطلوب🎯
السلام عليكم ام عامر
بدي اسألك اذا في بيت للبيع يكونو صحابه بالسعوديه بحيث يصير تسليم المصاري بالسعودية
ياريت البيت يكون بالروضه او الطلياني والسعر لحدود ال 230 او 250🎯"
aebc5e151d,2026-08-29,"8/29/26, 12:35:06 PM",بيع,أرض,الروضة,230000,$,السعر 230الف $,150.0,,"طابق ارضي, ارضي",1533.33,4,False,2400; طابق ارضي; ارضي,"🌷شقه للبيع 
روضه. قريب السفارة التركيه 
طابق ارضي 
مساحه 150متر تقريبا 
مؤلف من 3غرف وصالون ومنافع   
وغرفتين  وصالون ومنافع   في الحديقه.
الاكساء جيد جدا 
جاهز للسكن 
طابو 2400سهم 
السعر 230الف $🌷"
5abd20716f,2026-08-29,"8/29/26, 8:32:55 AM",بيع,تجاري,الروضة,,,,270.0,,,,6,True,طابو اخضر; حديقة; تجاري; فيديو,"🎯للبيع منزل 🎯
شهبندر قرب وزارة التربيه
يصلح سكني او تجاري مركز طبي روضة او معهد
مدخلين مدخل من البناء ومدخل خارجي 
المساحة كاملة ٢٧٠ متر 
داخلي١٥٠ متر 
5 غرف وصالون
حديقة ١٢٠ متر 
كسوة قديمة نضيفة 
طابو اخضر ٢٤٠٠ سهم 
مطلوب ٣٢٥
يوجد.فيديوحصر١
للزبون🎯🎯"
166aee8d13,2026-08-29,"8/29/26, 5:33:23 AM",بيع,سكني,حاميش,110000,$,السعر 110 الف دولار,90.0,,طابق اول,1222.22,4,False,طابو اخضر; 2400,"🌷 لقطه 💥للبيع شقه حاميش   مسبق الصنع قرب مول قاسيون
غرفتين وصالون وبرندا 
ومنتفعات 
كسوه جيدا جدا
طابق اول 
مساحه 90 متر
🔥طابو اخضر 2400🔥
السعر 110 الف دولار وبازار 🌷"
2ef3cf0a84,2026-08-28,"8/28/26, 2:32:04 AM",بيع,أرض,المهاجرين,,,,85.0,,"طابق ارضي, ارضي",,3,False,طابو اخضر; طابق ارضي; ارضي,"للييع بيت بالمهاجرين⚘️
 شورى  المساحة 85 متر غرفتين وصالون ومنافع وفسحة سماوية. طابق ارضي  سجل مؤقت قريبا لح يصير طابو اخضر 
 مهاجرين شورى جادة خامسة
 منفوض جديد"
a4959356b2,2026-08-28,"8/28/26, 2:27:05 AM",بيع,تجاري,ركن الدين,200000,$,المطلوب 200الف$,115.0,,"طابق ارضي, ارضي, قبو",1739.13,6,True,طابق ارضي; ارضي; قبو; حديقة; تجاري; صور; كراج; سطح; حصة بالقبو; حصة بالسطح,"للبيع🌷
 بيت عند السوق التجاري لمنطقة الشرقي ركن الدين 
طابق ارضي طلوع خمس درجات 
مساحة 115 متر داخلي و 70 متر حديقة 
يصلح تجاري 
كسوة قديمه
3غرف وصالون وتراس وغرفة بالحديقة وكراج سيارة وبئر ماء 
حصة بالسطح + حصة بالقبو 
بئر ماء خاص وعام للبناية خزانات باطون عالسطح ضخمة
التجاهات شرقي غربي واخد قبلي
المطلوب 200الف$  و سكرا
يوجد صور للزبون🌷"
1caf49231b,2026-08-27,"8/27/26, 11:13:04 AM",بيع,سكني,الميسات,360000,$,المطلوب 360 الف$,220.0,,طابق ثالث,1636.36,4,True,صور; مصعد,"للبيع شقة سكنية في #الميسات
طريق النهر 🌷
بناء زاوية على شارعين بلاطة كاملة  
ثلاث مداخل للمنزل
ثلاث برندات
كسوة جيدة جميع الاتجاهات مفتوحة 
طابق ثالث فني مع مصعد
اطلالة رائعة على ساحة الميسات ودوار التربية
يمكن قسمه لبيتين مساحة 220متر
المطلوب 360 الف$ منهي
يوجد صور للزبون🌷"
3ca5c63811,2026-08-27,"8/27/26, 9:25:35 AM",بيع,تجاري,,225000,$,المطلوب 225 الف$,,,قبو,,9,True,2400; قبو; مستودع; جنينة; صور; فيديو,"للبيع شقه🎯
تصلح مستودع ادويه....سكني... معهد
  مقابل كازية القصور 
قبو مساحة تقريبا ٢٠٠ م مع جنينة
على شارع العام
اربع غرف وصالون
ارتفاع سقف تقريبا
 اربع متار
طابو 2400 سهم
مالك واحد
المطلوب 225 الف$ و بازار
اجار  سنوي 7200 $ 
وعمولة مكتب شهر
يوجد فيديو 🎯"
69d61e6c1a,2026-08-27,"8/27/26, 6:59:51 AM",بيع,سكني,ركن الدين,110000,$,السعررررر 110 ألف دولار,95.0,,"قبو, طابق 2, طابق 2",1157.89,7,True,طابو أخضر; قبو; صور; طاقة; سطح,"للبيع بيت🌷
 بركن الدين 
موقع مميز 
وقريب من الشارع فوق شارع اسد الدين ب ١٠٠م طلعة جسر النحاس 
مساحة ٩٥ متر صافي مكسي كسوة ممتازة
 ٣ غرف وصالون وبرنده مقززه
 اتجاه قبلي شمالي غربي طابق ٢ درج البناء رخام  مريح جدا 
طاقة شمسية كهرباء وماء 
                       سطح وقبو مشترك 
   طابو أخضر ٢٤٠٠
                
      السعررررر ١١٠ ألف دولار وبازار يوجد صور🌷"
80683439cb,2026-08-27,"8/27/26, 4:47:27 AM",مطلوب شراء,تجاري,,400,$,مطلوب 400 $,,,,,3,True,فيديو,"🌷
منزل اجارغرفة وصالون مفروش خرج عرسان مفروش بالجبة
 نزول ٤درجات 
مطلوب 400 $ بالشهر
وعمولة مكتب
يوجد فيديو🌷"
1acdb82286,2026-08-26,"8/26/26, 1:12:35 PM",بيع,صيدلية,الميدان,,,,25.0,,,,6,False,طابو اخضر; مستودع; مرخص,"للبيع  صيدلية .
🌹🌹🌹🌹🌹🌹

تم تنزيل السعر من 125الف ⬅️ 100الف 

المنطقة :#الميدان بعد جامع المنجك 

#المساحة : 25 م 
ومرافق ومستودع صغير 

الكسوة : #سوبر ديلوكس 
رفوف وديكور خشب جمايكا وبراد 
#مرخصه جاهزه من سنة 2017

الملكية : طابو اخضر 
Read more"
7c1a618cbd,2026-08-26,"8/26/26, 12:07:16 PM",بيع,سكني,حاميش,110,$,مطلوب 110وسكرة,85.0,,طابق اول,1.29,4,True,صور,"🌷منزل للبيع بحاميش مسبق الصنع جانب جامع الرحمة بطلعة مول قاسيون مساحة ٨٥م عبارة عن غرفتين وصالون وبرنداومنتفعات
قبلي شرقي طابق اول فني كسوة قديمة 
طابو٢٤٠٠
مطلوب ١١٠وسكرة🌷لايوجد صور"
5e4e25fc84,2026-08-26,"8/26/26, 8:53:02 AM",بيع,سكني,ركن الدين,,,,75.0,,ملحق,,3,False,طابو اخضر; مصعد,🌷للبيع ملحق نظامي ٢٤٠٠ سهم طابو اخضر قبلي غربي  بركن الدين ٧٥ متر عند ثانويه ابن العميد . غرفتين وصوفا .كسوة ممتازة مطلوب ٨٠🌷لايوجد مصعد
c0c891caeb,2026-08-26,"8/26/26, 4:48:43 AM",بيع,تجاري,القصر العدلي,600000,$,المطلوب 600 الف$,300.0,,قبو,2000.0,7,False,2400; قبو; مستودع; تجاري,"للبيع عقار  تجاري🌷
في دمشق خلف القصر العدلي  مساحه 300 متر
 قبو نزول 10 درجات
المنطقه تجاريه تناسب مستودع ادويه
الموقع ممتاز
وسط البلد
بحاجه لكسوة حسب المصلحه
طابو 2400 سهم
المطلوب 600 الف$ و بازار🌷"
6864ab0a2d,2026-08-26,"8/26/26, 1:15:59 AM",بيع,صيدلية,الروضة,300000,$,"السعر : 300,000 دولار",60.0,,أرضي,5000.0,8,False,طابو أخضر; 2400; أرضي; تجاري,"للبيع: صيدلية 🌺
الموقع: قرب ساحة الروضة 
المساحة: 60 متر² 
الارتفاع الطابقي: أرضي عالشارع مباشرة 
الملكية: طابو أخضر 2400 سهم 
الإكساء : جيد 
يصلح لكافة المهن التجارية
 على موعد مسبق 
السعر : 300,000 دولار منهي🌺"
f59d619cdb,2026-08-25,"8/25/26, 3:15:24 PM",مطلوب شراء,تجاري,,500000,$,الميزانية لحد 500 الف $,300.0,,,1666.67,5,False,مستودع; تجاري,"مطلوب للشراء🪷🪷
 ضمن دمشق عقار تجاري حصراً يصلح مستودع دواء مو شرط يكون شارع عام 
مساحة ١٨٠-٣٠٠ متر 
الميزانية لحد ٥٠٠ الف $ 
مباشر🪷🪷"
992ad95ba0,2026-08-25,"8/25/26, 11:51:53 AM",بيع,أرض,المهاجرين,,,,85.0,,"طابق ارضي, ارضي",,3,True,طابو اخضر; طابق ارضي; ارضي; صور,"للييع بيت بالمهاجرين⚘️ شورى  المساحة 85 متر غرفتين وصالون ومنافع وفسحة سماوية. طابق ارضي  سجل مؤقت قريبا لح يصير طابو اخضر 
 مهاجرين شورى جادة خامسة
 منفوض جديد
 السعر ١٢٥ الف وبازار 
يوجد صور⚘️"
5584426196,2026-08-25,"8/25/26, 9:49:41 AM",بيع,سكني,,,,,165.0,,اول,,4,True,,"🌷منزل للبيع 
قريب من مخفرالعمارة عالشارع العام طابق اول مساحة ١٦٥متر٣وصالون  +تراس طابو ٢٤٠٠كسوة جيدة مطلوب مليارو٨٠٠
يوجد فيديو للزبون🌷"
5df5a3cc77,2026-08-25,"8/25/26, 9:49:41 AM",بيع,سكني,شارع بغداد,200000.0,USD,مطلوب 200الف $,170.0,,3,1176.47,5,True,,"🌷منزل للبيع 
الموقع..
شارع بغداد الطريق النازل
 اطلالة على ساحة التحرير
عالشارع العام
طابق ٣ بدون مصعد
مساحة١٧٠متر و
السطح مساحة١٧٠متر
طابواخضر ٢٤٠٠ بريئ الذمة تسليم فوري 
مقسوم شقتين ودرج السطح من ضمن الشقة 
السطح مصون ارتفاع متر
الاكساءقديم نضيف
مطلوب ٢٠٠الف $🌷يوجدفيديو للزبون"
fc583029b4,2026-08-25,"8/25/26, 7:13:40 AM",بيع,أرض,الروضة,300000.0,USD,"💰السعر : 300,000 دولار",60.0,,أرضي,5000.0,9.5,False,,"✨من المالك مباشرة✨
🏡للبيع: صيدلية 
✨️✨️✨️✨️✨️✨️
الموقع: قرب ساحة الروضة 
المساحة: 60 متر² 
الارتفاع الطابقي: أرضي عالشارع مباشرة 
الملكية: طابو أخضر 2400 سهم 
الإكساء : جيد 
📌ملاحظات: 
يصلح لكافة المهن التجارية
صور العقار: لايوجد المعاينة على موعد مسبق 
💰السعر : 300,000 دولار منهي
✨️✨️✨️✨️✨️"
510108ebf6,2026-08-25,"8/25/26, 6:49:43 AM",بيع,سكني,الميدان,,,,90.0,,قبو وحصة في السطح.,,5,False,,"للبيع.. المستعجل وبازار مرتب
. شقة🎯
 مميزة في أحد أفضل مواقع الميدان – حقلة 

 الموقع: الميدان – حقلة، مقابل جامع سعيد بن زيد.
 الطابق الثاني.
 المساحة: 90 متر
•  3 غرف واسعة.
•  صالون مريح.
•  حمامين.
•  برندتين.
 شرحة وضاوية باتجاه شرقي – غربي، مما يوفر دخول أشعة الشمس والتهوية الطبيعية طوال اليوم، 
✔️ طابو أخضر (2400 سهم).
✔️ حصة في القبو وحصة في السطح.
Read more"
eb6b857d4f,2026-08-25,"8/25/26, 6:46:55 AM",بيع,غير مصنف,المهاجرين,110000.0,USD,السعر 110 الف $,80.0,,اول,1375.0,2,True,,"للبيع 
🎯🎯🎯🎯
بالمهاجرين 
طلعة المختار برنبو جادة تانية
طابق اول مساحة ٨٠ متر
قبلي غربي غرفتين وصالون 
اكساء ممتاز طابو ٢٤٠٠ سهم 
جاهز للتسليم 
السعر 110 الف $
يوجد فيديو
🎯🎯🎯"
5baec2dd61,2026-08-25,"8/25/26, 1:31:24 AM",إيجار,سكني,الجبة,500.0,USD,سان مفروش بالجبة نزول 4درجات مطلوب 500$,,,,,0,True,,"منزل اجار🎯🎯
غرفة وصالون مفروش خرج عرسان مفروش بالجبة نزول ٤درجات مطلوب ٥٠٠$
يوجد فيديو🎯🎯"
f2b79d610d,2026-08-24,"8/24/26, 11:47:21 PM",بيع,سكني,روضه,300000.0,USD,السعر 300الف $,160.0,,اول,1875.0,2,False,,"🌷شقه للبيع 
روضه قرب كافي كزا ميزا 
طابق اول 
مساحه 160متر 
4,غرف وصالون ومنافع 
الاكساء عادي 
السعر 300الف $🌷"
dc65ab0ba3,2026-08-24,"8/24/26, 11:47:20 PM",بيع,سكني,,,,,100.0,,تاني,,4.5,True,,🌷منزل للبيع مطل على حديقة شكونزول حمامية مساحة ١٠٠متر طابق تاني  ممكن تركيب مصعد٣غرف وصالون كسوة جيدة شرقي غربي طابو ٢٤٠٠حصة بالسطح مطلوب ١٧٥الف وسكرة 🌷يوجدفيديو للزبون
67aab361c1,2026-08-24,"8/24/26, 11:47:20 PM",بيع,غير مصنف,ركن الدين,300000.0,USD,السعر : 300 الف دولار,200.0,,,1500.0,4,True,,"للبيع🌹❣️
المنطقة : شرقي ركن الدين خلف جامع طارق بن زياد 
الملكية : طابو اخضر 
الطابق : الرابع قبل الاخير 
الاتجاهات : جنوبي شرقي شمالي
المساحة : 200 متر 
الكسوة : قديمة نظيفة
الوصف الداخلي : 3 غرف نوم 3 صالونات موزع حمامين ومطبخ 
برندات : 3 برندات 
مصعد : يوجد 
مدة التسليم : يتفق عليها
صور وفيديو : موجود 
السعر : 300 الف دولاروبازار خفيف
هدية للزبون منظومة طاقة 8 الواح اكبر قياس مع بطارية وانفيرتر
يوجود فيديو🌹❣️"
c3cd01bff7,2026-08-24,"8/24/26, 11:45:04 PM",بيع,سكني,ركن الدين,,,,164.0,,"قبو مشترك
 مميزات إضافية:",,4.5,False,,"🌷اطلالة ساحرة
منزل للبيع بشرقي ركن الدين نسق اول  4 غرف + صالون 
 3 حمامات
 مطبخان  ( استراد الفيحاء)
 يطل على الحزام الأخضر + حدائق أمامية وخلفية
الاتجاه: قبلي شمالي
مساحة 160 – 164 م²
 تفاصيل البناء:
 الطابق الخامس (الأخير)
مصعد (اشتراك)
بير مياه خاص بالبناء 
 سطح مشترك + قبو مشترك
 مميزات إضافية:
البيت مقسوم كأنه شقتين (شقة ديلوكس + شقة ثانية تحتاج شغل)
مناسب للسكن أو الاستثمار
Read more"
dc7a6ad8b1,2026-08-24,"8/24/26, 11:45:03 PM",بيع,سكني,جبة,300000.0,USD,💥السعر المطلوب : 300 ألف دولار,200.0,,ثالث,1500.0,2,False,,"💥للبيع شقة شرقي ركن الدين💥💥💥💥💥 
🍁الإرتفاع الطابقي : طابق ثالث .  
🍁المساحة : 200 م 
🍁الإتجاهات : شرقي غربي شمالي . 
🍁الإكساء : جيد جداا
🍁الوصف : 5 غرف وصالون ومطبخ وحمامين وبرندااا
🍁يوجد طاقة شمسية وشوفاج ويوجد مصعد طاقة ممكن الاشتراك .
🍁يوجد إمكانية بيع الشقة مع العفش(العفش تقيل والأدوات الزجاجبة تقيله)  
💥السعر المطلوب : 300 ألف دولار وبازار .
💥السعر المطلوب مع العفش : 300 ألف يورو وبازار ."
d122d0b416,2026-08-24,"8/24/26, 10:37:38 PM",إيجار,صناعي,القابون,10000.0,USD,مطلوب10000$,250.0,,2,40.0,2,False,,"🌷معمل للاجار قرب القابون جانب معمل الدبش طابق 2مع مصعدمساحة ٢٥٠متر
مطلوب١٠٠٠٠$بالسنة 🌷"
b611cc3176,2026-08-24,"8/24/26, 12:50:59 PM",بيع,سكني,مزة,,,,220.0,,4,,3,False,,"للبيع منزل 
 المزة 
✨️✨️✨️✨️✨️
استراد المزة المروحيات 
طابق 4
يوجد مصعد عدد2. كهرباء وطاقة 
اتجاه قبلي شرقي غربي 
المساحة 220م
الوصف 3 غرف نوم صالونين كبار حمامين +وغرفة قعدة 
يوجد برندا عدد 2 
اطلالة خلفية على المتحلق
نوع الاكساء وسط 
نوع الملكية طابو سجل موقت 
يوجد حصة بل سطح 
يوجد كراج بناء 
Read more"
49fb7b5a2b,2026-08-24,"8/24/26, 12:46:02 PM",إيجار,سكني,المالكي,,,,160.0,,,,1,False,,"للاجار
✨️✨️✨️✨️✨️
المالكي قرب مشفى الشامي
 شارع ابراهيم هنانو
طلعة مقسم الهاتف 
كسوة سوبر
شقة نزول ٦ درجات مساحة كلية١٦٠ مع  حديقة فيها شلال ومضخة للشلال
مع بطارية هندية وانفيرتر
يوجد ٣ مكيفات Lg 
غرفتين نوم مفروشين 
وغرفتين قعدة
20 الف بالسنة وبازار
✨️✨️✨️✨️"
16e22a8c2d,2026-08-24,"8/24/26, 12:35:56 PM",بيع أو إيجار,سكني,العدوي,,,,120.0,,3,,2,False,,"للبيع  أو ايجار 
📍📍📍📍📍
في #العدوي
قبل #وزارة_النفط
مساحة 120م
غرفة نوم عدد 2 وممكن تقسيمه إلى 4 غرف نوم 
 صالونين كبار مع سفرا حرف L 
مطبخ أميركي +حمام + برندة
كسوة سوبر ديلوكس 
شبابيك عزل صوت - تمديدات انفيرتر كامل البيت 
مكيفات عدد 2 
اطلالة بانورامية على الحزام الأخضر 
اتجاه شرقي شمالي
طابق 3 من 5 
لايوجد مصعد 
Read more"
e16dae68b2,2026-08-24,"8/24/26, 11:08:11 AM",مطلوب,أرض,شارع بغداد,170000.0,USD,بحدود 170 الف $,,,ارضي,,0,False,,"💢مطلوب 💢 للشراء 

منزل طابق ارضي طلوع او اول حصرا 
بشارع بغداد. 
بحدود ١٧٠ الف $"
52257b3754,2026-08-24,"8/24/26, 9:35:41 AM",غير محدد,تجاري/مكتب,شارع بغداد,500.0,USD, دولار 500 $,70.0,,ثاني,7.14,6,True,,"شقة مفروشة🎯
 للآجار في شارع بغداد
مقابل مقبرة الدحداح
إطلاله على الشارع العام
طابق ثاني فني
مساحة ٧٠ متر تقريبا
ثلاث غرف ومنتفعات 
كسوة وسط
يوجد بطاريات ولدات
مطلوب آجار شهري 
 دولار 500 $ بالشهر
وعمولة مكتب شهر
يوجد صور🎯"
6fbe3c3c97,2026-08-24,"8/24/26, 9:07:39 AM",إيجار,أرض,المهاجرين,650.0,USD,المطلوب 650$,,,ارضي,,2,True,,"شقة للايجار بالمهاجرين شطا
✨️✨️✨️✨️✨️
جادة تالتة
عبارة عن غرفتين نوم كبار وغرفة صغيرة وصالون قطعتين مفروش بالكامل مع الاجهزة الكهربائية وشاشة و تكييفات وتلفون ارضي وانترنت مدفوع لسنة وكهرباء ٢٤ ساعة مع بطارية ليثيوم كبيرة بتشغيل تكييف الإجار سنوي أو 6 شهور
يوجد شهر تأمين
المطلوب 650$ بالشهر 
عمولة مكتب أجار شهر من المستأجر
يوجد صور
✨️✨️✨️✨️✨️✨️"
572d19c4c3,2026-08-24,"8/24/26, 7:45:04 AM",إيجار,سكني,برنية,1400.0,USD,طاقة 5غرف وصالون  مفروش يوجد طاقة  1400$,,,8,,0,True,,".منزل اجار🎯🎯
 بشارع برنية طابق 8 مصعدطاقة 5غرف وصالون  مفروش يوجد طاقة  ١٤٠٠$ بالشهر
يوجد صور🎯🎯"
3101eae545,2026-08-23,"8/23/26, 11:40:54 AM",بيع أو إيجار,سكني,المهاجرين,,,,160.0,,ثاني,,3,False,,"للبيع او للأجار فاضي 🌷
بسم الله الرحمن الرحيم 
من صاحب البيت مباشر 
للبيع  بيت في منطقه المهاجرين جادات جاده سادسه عشارع العام خط المكرو 👍🏻
الله يهني صاحب النصيب بمجاوره جامع 
البيت على حيط الجامع تماما 
مواصفات البيت 
ملكيه البيت كاتب عدل  
المساحه 160متر 
طابق  ثاني فني قبل الأخير 
البيت قبلي الشمس لنص البيت التوزيع 4غرف +صالون
 +برنده+مطبخ +حمامين+3مكيفات +3سقايف واسعه 👍🏻
الاطلاله جميله جدااا
مطلوب 90الف وبازار
الاجار 500 بالشهر  الدفع اما سنوي او 6 اشهر
Read more"
d685bfad62,2026-08-23,"8/23/26, 10:28:45 AM",بيع,أرض,يعفور,125000.0,USD,سعر الدونم 125000 دولار,50.0,50.0,,2500.0,6,True,,"ارض للبيع🎯
 بمنطقة كفر قوق قطنا
بعد يعفور ب5 كم 
تبعد عن ساحة الامويين 24كم
المساحة 50 دونم
على شارعين
طابو اخضر 2400 سهم
سعر الدونم 125000 دولار
يوجد صور🎯"
72ae90c8b4,2026-08-23,"8/23/26, 10:17:25 AM",بيع,سكني,بلودان,,,,145.0,,,,4,False,,"للبيع شقة مميزة جد🎯
اً في بلودان من لمالك مباشرة – المعمورة / الجرجانية 🌲
 الموقع: المعمورة – الجرجانية 
 المساحة: 145 متر مربع
 الطابق الأول
 اتجاه شرقي – غربي
بناء مخدّم
تتألف الشقة من:
غرفتي نوم واسعتين
صالون كبير ومريح مع إطلالة رائعة
مطبخ أمريكي عصري مفتوح
حمام كبير
تراس كبير جداً بإطلالة بانورامية مفتوحة بالكامل على الخضار والطبيعة، كاشف ولا يحجب الرؤية أي بناء
✨ مواصفات إضافية:
Read more"
dad03431fe,2026-08-23,"8/23/26, 2:58:21 AM",إيجار,غير مصنف,ركن الدين,650.0,USD, المطلوب 650  $,,,3,,0,True,,"للايجار مفروش🌷
 فرش وسط 3 مكيفات غرفه قعده وسفره و2 نوم ط2 ركن الدين 
الشارع العام
 المطلوب 650  $ بلشهر ودفع سنه
لا يوجد صور🌷"
941aa3c544,2026-08-23,"8/23/26, 2:37:52 AM",بيع,سكني,ركن الدين,100000.0,USD,السعر100الف$,90.0,,,1111.11,5.5,True,,"للبيع منزل 🎯
في منطقة ركن الدين
الشارع العام قريب لمأكولات الحمراء
مساحة 90m
3غرف وصوفا
الاتجاه قبلي شمالي
الطابق الرابع ملحق
كسوة جيدة
طابو اخضر2400 سهم
السعر100الف$منهي
يوجدفيديو🎯"
b08aa601ef,2026-08-22,"8/22/26, 2:43:48 PM",بيع,تعليمي,المزرعة,850000.0,USD,سعر 850 الف دولار,300.0,,,2833.33,9,True,,"للبيع بيت💥
 بالمزرعة ع الشارع 
مساحة الداخلية 220 متر 
حدائق مساحة 300 متر 
كسوة عادية طابو اخضر 
باب خارجي مستقل غير باب الأساسي نزول كم درجة 
البيت سوكة ع الشارع 
حديقة أمامية كبيرة وحديقة خلفية 
يصلح سكني او شركة أو معهد ابو بنك 
سعر 850 الف دولار وبازار
لا يوجد صور💥ز"
648e80ed04,2026-08-22,"8/22/26, 1:56:10 PM",بيع,غير مصنف,ركن الدين,80000.0,USD, . غرفتين وصوفا .كسوة ممتازة مطلوب 80 الف$,75.0,,,1066.67,4,False,,"🎯للبيع ملحق نظامي 
٢٤٠٠ سهم 
طابو اخضر
 قبلي غربي 
 بركن الدين 75 متر عند ثانويه ابن العميد . غرفتين وصوفا .كسوة ممتازة مطلوب 80 الف$
🎯لايوجد مصعد"
61b2c43f33,2026-08-22,"8/22/26, 1:08:45 PM",بيع,تعليمي,ركن الدين,,,,100.0,,رابع,,6,True,,"للبيع🎯
شقة مساحة 100 متر طابو اخضر 
طابق رابع  من اصل 12 طابق
ركن الدين الشرقي خلف الهجرة والجوازات 
مطلة على مدرسة الفنون 
الاكساء جيد جدا حديث
حمامات سيراميك ومطبخ منفوض حديثا 
3 غرف  وبرندا مقززة تعتبر غرفة
ومطبخ وحمام جاكوزي  
رخام ايطالي رمادي الارضيات من افضل الانواع 
البناء مخدم اصنصيرات 24 ساعة و ناطور وكافة الخدمات 
المطلوب 200 الف وبازار  مرتب يوجد صورا🎯"
c22b4010f2,2026-08-22,"8/22/26, 7:59:56 AM",إيجار,مطعم/كافيه,الصالحية,,,,768.0,,اول,,0,False,,"#للإيجار 
✨️✨️✨️✨️✨️✨️
ثلاث طوابق #تجاري في #الصالحية #سوق #الالبسة 
المساحة كاملة 768متر
ثلاث طوابق طابق اول وتاني وتالت كل طابق  256متر مع منافع و واجهات على السوق 
نوع اكساء ديلوكس
يوجد مصعد على الطاقة 
يصلح مطعم او كافيه او صالات عرض البسة مقر شركة  وماشابه 
السعر 105الاف $بالسنة+ عمولة مكتب شهر على المستاجر 
يمكن تأجير كل طابق لحال*
المعاينة على ارض الواقع للجادين
✨️✨️✨️✨️✨️✨️"
048aa75a39,2026-08-22,"8/22/26, 7:43:34 AM",بيع,محطة/خدمات,,800000.0,USD,المطلوب 4مليون 800 الف $,,,,,4,False,,"كازية للبيع🌷
 طابو اخضر 
 فيها غرف تبريد حفظ فواكه ولحوم 
المطلوب 4مليون 800 الف $🌷"
5b4b7242ac,2026-08-22,"8/22/26, 6:17:36 AM",بيع,مزرعة/فيلا,,120000.0,USD,المطلوب 120الف$,55.0,,اول,2181.82,6,True,,"للبيع عقار تجاري 🎯
.. بمنطقة المزرعه 
عقار_تجاري يصلح عيادة اطباء .
طبيب اسنان .. مكتب محامي .. مكتب هندسي 
موقع حلو زاوية شارعين 
مساحة العقار ٥٥ متر ..
مقسم ل ٣ غرف 
وحمام وبوفيه .. 
اتجاهات قبلي غربي .  
شبابيك ع الشارعين ..
طابق اول بمجمع تجاري .
ملكيه حكم محكمه قطعي
المطلوب 120الف$وبازار مرتب يوجد فيديو🎯"
e0a68663b2,2026-08-22,"8/22/26, 4:10:28 AM",إيجار,سكني,,12000.0,USD,💥الإيجار السنوي المطلوب : 12 ألف دولار,,,6,,0,False,,"💥للإيجار شقة سوبر ديلوكس ( مع فرش ) مشروع دمر مغتربين💥💥💥💥💥
🍁الإرتفاع الطابقي : طابق 6 (مصعد طاقة)
🍁 الوصف : غرفتين نوم وصالون وغرفة جلوس ومطبخ واسع وحمامين وبرندااا
🍁البناء جميل وأنيق .
💥عمولة أجار شهر .
💥الإيجار السنوي المطلوب : 12 ألف دولار .
⛔يوجد عروض حسب الطلب ."
20d9ae6424,2026-08-22,"8/22/26, 4:09:49 AM",بيع,محل,شارع بغداد,40000.0,USD,مطلوب 40 الف$,15.0,,,2666.67,7,True,,"محل للبيع🌹
 بشارع بغداد دخلة مؤسسة الزيت رابع محل على اليمين مساحة ١٥متر طابو أخضر وفروغ و ملكية
و ملكيه كهرباء و ماء وصرف صحي وسقيفة  بلور 
مطلوب 40 الف$
يمكن المقايضه على بيت مع دفع الباقي
لا يوجد صور🌹"
07d5d9a2b6,2026-08-22,"8/22/26, 4:09:49 AM",بيع,محل,ساروجة,75000.0,USD, المطلوب 75 ألف دولار,15.0,,,5000.0,9,True,,"محل للبيع🌷
بساروجة في مدخنة مكسي سوبر وسقيفة وكهرباء وماء وصرف صحي مساحه ١٥متر 
فروغ بللمالية
 مواجه مجمع يالبغا  محل فاتح  مطعم 
 المطلوب 75 ألف دولار$ وبازار للمعتمد
يمكن المقايضه على بيت
لا يوجد صور🌷"
a78716803c,2026-08-22,"8/22/26, 4:09:49 AM",إيجار,سكني,,,,,,,تاني,,0,True,,"منزل للايجار 🌷
ثلاث غرف وصالون ومطبخ وحمامين وبرندا ✨
مفروش بالكامل مع كهربائيات المطبخ ومكيفات ومروحة بكل غرفة وسخان ماء كهربا ومازوت ⚡
طابق تاني لا يوجد مصعد 
عنوان الخطيب 💥 السعر 12.الف$ بالسنة 
اجار سنوي  وفي حكي بالسعر 
يوجد صور🌷"
8a251aaff4,2026-08-22,"8/22/26, 3:02:14 AM",بيع,محطة/خدمات,,800000.0,USD,المطلوب 4مليون 800 الف $,,,,,4,False,,"كازية للبيع🌷
 طابو اخضر  
بس بدها شويت ترتيبات وبتشتغل
 فيها تلاجات
المطلوب 4مليون 800 الف $🌷"
dd726cc03f,2026-08-22,"8/22/26, 3:01:35 AM",غير محدد,مطعم/كافيه,القمريه,850000.0,USD,المطلوب 850 الف دولار,,,اول,,2,False,,"عقار تجاري في منطقه القمريه🎯🎯
 المنطقه الرئيسيه مصنفه سياحي درجه اولى العقار عباره عن فندق اربع نجوم مقابل فرن الكرواسان جانب دار مملوكه العقار مؤلف المطبخ تحت الارض مع خدمات للاوتيل من ارض يحتوي على غرفتين فرديه وغرفه مزدوجه زائد ريسبشن زائد طابق اول يحتوي على ثلاث غرف غرفه عرايسيه ملكيه زائد غرفتين مجوزه درجه اولى زائد طابق ثاني غرفه مفرده زائد غرفه مجوزه زائد تراس عباره عن كافيه مطل على دمشق القديمه عامه العقار طابو اخضر كسوه سوبر سوبر ديلوكس ترميم اثري رقم واحد تصنيفه اربع نجوم صفه القيمريه 2400 سهم طابو اخضر 
المطلوب 850 الف دولار $
 ولللعلم الاوتيل تصنيف دائم وليس مؤقت سياحيا وتجاريا🎯يوجد كم صورة🎯"
91e320c632,2026-08-22,"8/22/26, 12:36:05 AM",إيجار,غير مصنف,,3000000.0,SYP?,3 مليون,,,,,0,True,,"للاجار 📍
بالشيخ محي الدين 
غرفة ومنافعها مفروشة لعرسان 
اكساء جيد 
يوجد بطارية ليدات 
مطلوب ٣ مليون 
الدفع سنوي أو ٦ اشهر 
+ عمولة شهر + تأمين
يوجد صور📍"
2f49b4e24f,2026-08-21,"8/21/26, 1:23:46 PM",بيع,سكني,ركن الدين,,,,200.0,,تاني,,2,True,,"بيت للبيع🌻
 بشرفي ركن الدين نزول صالة الانس  طابق تاني مساحة ٢٠٠ متر كسوة حلوة اصنصير طاقة 
سعر ٣٠٠ الف وبازار
 يوجد صور🌻"
1a42ae74fd,2026-08-21,"8/21/26, 1:23:46 PM",بيع,أرض,السبع بحرات,310000.0,USD,💥السعر المطلوب : 310 ألف دولار,160.0,,ثاني,1937.5,6,False,,"💥للبيع شقة ملكية وسط العاصمة دمشق السبع بحرات شارع الباكستان💥💥💥💥
🍁الإرتفاع الطابقي : طابق ثاني .
🍁المساحة : 160 م 
🍁الإتجاهات : قبلي .
🍁الإكساء : سوبر ديلوكس .
🍁الملكية : طابو أخضر 2400 سهم ( مالك واحد )
🍁الوصف : غرفتين نوم وغرفة جلوس وصالون كبير ومطبخ وحمامين وبرندااا 
🍁أرضية الشقة رخام  تقيل والخشب سنديان .
🍁تدفئة أرضية وطاقة شمسية للشقة ( يوجد 6 ألواح طاقة شمسية ) طاقة مياه .
🍁هدية للشاري غرفة نوم أطفال كاملة فخمة جداا مع خزن حائطية داير الغرفة .
💥السعر المطلوب : 310 ألف دولار وبازار ."
a289b90586,2026-08-21,"8/21/26, 1:18:13 PM",بيع,سكني,برزة,85000.0,USD,نافع كسوة ممتازة طابق ثالث فني سعر 85 الف دولار,135.0,,ثالث,629.63,4,True,,"شقة  للبيع🎯🎯
ببرزة البلد حكم محكمة بعيدة عن الشارع العام 50 متر مساحة 135 متر اربع غرف وصالون ومنافع كسوة ممتازة طابق ثالث فني سعر 85 الف دولار
يوجد صور🎯🎯"
00f1eca2b2,2026-08-21,"8/21/26, 12:33:39 PM",بيع,سكني,,77000.0,USD, نزل 77الف دولار,90.0,,اول,855.56,4,False,,منزل للبيع خلف جامع يونس اغا طابق اول مساحة ٩٠متر ٣غرف وصالون قبلي شمالي كسوة جيدة طابوكان السعر ٨٥الف دولار نزل ٧٧الف دولار🌹
03758956fa,2026-08-21,"8/21/26, 12:33:38 PM",بيع,سكني,,,,,92.0,,اول,,2,False,,"🔹️بسم الله الرحمن الرحيم🔹️
للبيع منزل عشارع اسد الدين
#قريب من جامع سعيد باشا
#وانلي تالت
#تاني بناء عن الشارع
#طابق اول 
#درج رخام مريح
#مساحة ٩٢ متر
#طابو ٢٤٠٠ سهم
#٣ غرف وصوفا
#كسوة جيدة جدا
#اتجاه البيت قبلي مشمس وضاوي
#السعر ٩٧ الف وبازار"
268f224e50,2026-08-21,"8/21/26, 10:46:11 AM",بيع,أرض,القصور,60000.0,USD,المطلوب 60 الف $,2.0,2.0,,30000.0,7.5,False,,"للبيع......🎯
 لضرورة البيع المستعجل لاسباب مرضيه❌
لقد تم تنزيل السعر مرة اخرى لضرورة البيع 
مزرعه معفشه طابقين💥
دروشا شارع القصور
مساحه ٢ دنم💥
يوجد فيها بئر ماء مرخص💥
صالحه للعمار
مسبح مجاري نظاميه💥
المطلوب 60 الف $🎯"
eb9df2a2e1,2026-08-21,"8/21/26, 9:45:30 AM",إيجار,مزرعة/فيلا,مزة,7000.0,USD,خدم بالناطور وكراج سيارة اجار سنوي 7000$,,,اول,,0,True,,"للأجار منزل 💥
بدون فرش مزة فيلات غربية جانب صالة لاكشري بالاس طابق اول غرفة وصالون اكساء ممتازة 
بناء مخدم بالناطور وكراج سيارة اجار سنوي 7000$
لا يوجد صور💥t"
fcde3bb3ae,2026-08-21,"8/21/26, 3:45:07 AM",إيجار,صناعي,باب شرقي,90.0,USD,ل20 سنة ب 90 دلر,4000.0,11.0,,0.02,7.5,False,,"مشروع اسثماري في باب شرقي🌷🎯
 جاهز للمشاركة 
🌀🌀🌀🌀🌀
الأرض عبارة عن ١١ دنم ونصف
فيها بناء عبارة عن ٣ طوابق كل طابق عبارة عن ١٥٠٠ متر مع تراس  ترخيص مول  
بناء ١٦٠٠ متر  مرخص غرف تبريد  لهم طريق منفصل 
١٥٠٠ متر ترخيص كازية و٣ مغاسل 
١٠٠٠ متر هنغار جاهز ترخيصهم صالات افراح 
٤٠٠٠ متر ساحة ترخيصها مطاعم مفتوحة مع ساحات 
المشروع جاهز للاسثمار اما مشاركة. او تأجير 
 ودافع اجارها ل ٢٠ سنة وموافقاتها كلها
 نحن منحزء المشروع
 الارض حلاوتها انو جاهز فيها كل شي
 نحن طارحينو للاستثمار السنوي ل١٠ سنين ب ٧٠ دلر  المتر 
ل٢٠ سنة ب ٩٠ دلر
Read more"
b7df3cf000,2026-08-20,"8/20/26, 5:29:04 AM",بيع أو إيجار,أرض,جسر الابيض,400000.0,USD,للبيع 400 الف $,150.0,,ارضي,2666.67,6,True,,"للبيع  او للاجار🎯
عقار تجاري بالجسر الابيض
 مساحه  150متر
 ٤ غرف ووحدة صغيرة و٣ حمامات   اله مدخلين يصلح عيادات او مركز طبي ومكاتب 
قبل الركن المدخل ارضي الو بابين ومن شارع ابو جرش درج من البناية 
تجاري طابو ومالية فيه ساعتين كهربا منزلي وتجاري
مطلوب للاجار 25 الف$
وعمولة مكتب شهر
للبيع 400 الف $ وبازار
يوجد فيديو🎯"
f5760c8fe4,2026-08-20,"8/20/26, 4:28:52 AM",بيع,مطعم/كافيه,الميسات,,,,145.0,,5,,6.5,False,,"شقتين للبيع فوق بعض ( بسعر،لقطة مميز)🎯🎯

 الميسات طلعة مطعم بوز الجدي 

 اطلالة مباشرة مفتوحة على الملاعب وحديقة الست الحفظة 

 طابق 5 +طابق 6  اخير 
 ملحق نظامي مصعد طاقة 24/24

 مساحة كل شقة 145 متر 

 التوزيع لكل شقة 

 غرف  نوم 3 + غرفة جلوس + غرفة سفرة + حمامين + مطبخ  + وبرندا عدد2 

Read more"
5fb049ec8f,2026-08-20,"8/20/26, 4:28:52 AM",غير محدد,أرض,حرستا,650000.0,USD,سعر المتر  650الف$,,34.0,,,5.5,False,,"ارض عا اتستراد حرستا🎯🎯🎯🎯🎯🎯🎯🎯 سوكة على شارعيين رئيسي 
مساحة الارض ٣٤ دونم تصلح لاي استثمار تجاري 
مول مشافي مجمعات سكنية  فلل 
 اطلالة مفتوحة. واجهة عريضة عا الاتستراد نسق اول  
سعر المتر  ٦٥٠الف$ لدنم 
  الارض مدخل حرستا من جهة مشفى الشرطة ومشفى البيروني موقع حيوي  ومخدم🎯🎯"
32a0e19d6a,2026-08-19,"8/19/26, 10:37:14 AM",بيع,غير مصنف,الشعلان,180000.0,USD,السعر 180 الف $,50.0,,,3600.0,2,True,,"للبيع عقار 🪷
مميّز بالشعلان بمساحة ٥٠ متر غرفة و صالون و قعدة + مطبخ و حمام كسوة ديلوكس ممتازة قبلي غربي 
السعر ١٨٠ الف $ لا يوجد صور🪷"
33d2023e8b,2026-08-19,"8/19/26, 10:31:35 AM",بيع,مطعم/كافيه,,168000.0,USD,"ضمن لك عملية شراء آمنة. السعر مغري 168,000 دولار",100.0,,,1680.0,6.5,False,,"للبيع شقه🎯
فرصة رائعة لامتلاك شقة بموقع مميز في دمشق، شارع العابد. دخلة مطعم ستة الا ربع 
الشقة عبارة عن غرفتين نوم وصالون كبير يضم غرفتين للجلوس وضيوف بمساحة إجمالية 100 م² ومساحة صافية 85 م². فكل طابق عبارة عن شقة واحدة مع باب حماية وانترفون خاص
تقع الشقة في الطابق الثاني فني من بناء مكون من ثلاثة طوابق، درج مريح تحتوي الشقة على ثلاث حمامات (حمام عادي - حمام افرنجي - بيكادوش في غرفة النوم الرئيسية) والمطبخ مغلق له باب خاص خارجي، مع وجود شرفتين تطلان على الجبهة الشرقية والغربية والشمالية. باطلالة مفتوحة.
التدفئة متوفرة عبر مدفئة ديزل، مع خزان على السقيفة يغذي المدفأة عبر تمديد خفي
يوجد طاقة شمسية للمياه وخزانات على السطح مع حق الارتفاق والنشر 
ولا يوجد مصعد في البناء. موقف السيارات متاح في مكان مفتوح. الشقة مفروشة بالكامل وتعتبر في قلب العاصمة وقريبة من جميع الاسواق المركزية، وهي مسكونة من قبل صاحبها. الطابو نظامي ومرخص، مما يضمن لك عملية شراء آمنة. السعر مغري 168,000 دولار او ما يعادلها بالليرة السورية ويمكن التفاوض للشراء مع الفرش. تقع الشقة في شارع العابد ، وهو…
Read more"
48b03e545f,2026-08-19,"8/19/26, 5:27:14 AM",بيع,سكني,ركن الدين,,,,100.0,,تاني,,5.5,True,,"🌷
 منزل للبيع 
 شرقي ركن الدين 
 شارع الهجرة والجوازات  
 الطابق: تاني مع مصعد 
 مساحة: 100 متر 
 غرف عدد 3 وصالون ومنافع 
 كسوة ممتازة 
 اطلالة على حدائق من جميع الاتجاهات 
 طابو اخضر 2400مطلوب 160وسكرة
يوجد فيديو🌷"
c0adcbb4b5,2026-08-19,"8/19/26, 3:40:21 AM",بيع,مزرعة/فيلا,المزرعة,300000.0,USD,السعر المطلوب : 300 ألف دولار,200.0,,رابع,1500.0,6,True,,"للبيع شقة لقططططه🎯🎯
 إطلالة خلابة بسعر لقطططة بمنطقة المزرعة شارع الملك العادل(قرب بنك سوريا والمهجر
الإرتفاع الطابقي : طابق رابع مع مصعد حديث خاص بالشقة .
المساحة : 200 م
الإتجاهات : قبلي شرقي غربي . 
الإكساء : جيدة
الملكية : طابو أخضر 2400 سهم .
الوصف : 3 غرف وصالون كبييير ( الصالون عبارة عن غرفة ضيوف وغرفة سفرة ) ومطبخ حديث وحمامين وبرندتين وتراس جميل جدااا .
السعر المطلوب : 300 ألف دولار وبازار .
يوجد فيديو🎯🎯"
bbfe51959c,2026-08-19,"8/19/26, 1:18:33 AM",إيجار,أرض,التجارة,70000.0,USD,مطلوب 70الف  $,500.0,,ارضي,140.0,2,False,,"🌷 للاجارعقار تجاري بشرقي التجارة مساحة ٥٠٠مترارضي 
مطلوب ٧٠الف  $🌷يوجدصور"
859a230699,2026-08-19,"8/19/26, 12:37:01 AM",بيع,أرض,,,,,740.0,,ارضي,,4,False,,"للبيع🎯
عنا محضر بمدخل الصبورة مقابل البلدية وخلف المشتل 
٧٤٠ متر محفور ومصبوب جدران وارضية 
مطلوب 150 الف وبازار🎯"
14e97da5fe,2026-08-19,"8/19/26, 12:09:47 AM",بيع,سكني,الميسات,240000.0,USD,السعر المطلوب : 240 ألف دولار,120.0,,ثالث,2000.0,5,True,,"للبيع شقة 🌻
الميسات طلعة مشفى أمية
الإرتفاع الطابقي : طابق ثالث ( درج رخام ومريح ) 
المساحة : 120 م 
الإتجاهات : شرقي شمالي .
الإكساء : جيد جداا 
دالملكية : طابو أخضر 2400 سهم .
الوصف : 4 غرف وصالون ومطبخ وحمامين وبرندااا
يوجد طاقة كهربائية وشوفاج . 
يوجد حصة بالسطح .
السعر المطلوب : 240 ألف دولار وبازار .
يوجد صور🌻"
4cf1da5e4b,2026-08-18,"8/18/26, 5:46:53 PM",بيع,سكني,برزة,170000.0,USD,السعر المطلوب : 170 ألف دولار,140.0,,رابع,1214.29,6,True,,"للبيع شقة بسعر🌹 لقطططططة أوتستراد برزة حاميش ع الشارع العام مباشرة
الإرتفاع الطابقي : طابق رابع ( يوجد مصعد طاقة )
المساحة : 140 م 
الإتجاهات : غربي شمالي شرقي .
الإكساء : جيد .
الملكية : طابو أخضر .
الوصف : 3 غرف نوم وصالون حرف L وسفرة ومطبخ واسع وحمامين وبرندتين .
السعر المطلوب : 170 ألف دولار وبازار .
يوجد صور🌹"
e03bfa492f,2026-08-18,"8/18/26, 9:02:19 AM",بيع,أرض,مزة,,,,400.0,,ارضي,,6,False,,"للبيع منزل 🎯
مزة فيلات غربية ط ارضي له مدخلين من الشارع العام وآخر من البناء
 درج رخام وبناء حجر جديد الموقع قرب السفارة اللبنانية القديم و جامع المحمدي
 اربع اتجاهات 
بلاطة كاملة
يصلح شركه منظمه بنك جامعه 
🌀🌀🌀🌀🌀
 مع حدائق جانبية عالداير كسوة عادية نظيفة شوفاج  طابو أخضر 2400 سهم   مساحة داخلية ٣٤٠ م  مساحة حدائق جانبية 400  متر  
المطلوب مليون دولار$🎯"
1394a8257b,2026-08-18,"8/18/26, 7:03:11 AM",بيع,أرض,مزرعة,,,,100.0,,,,4,False,,"للبيع مزرعة في ريف دمشق🎯🎯
بين زبدين والمليحة
نصف دنم
جاهزة عالمفتاح
انترنت فضائي
فلتر ماء لخزان الماء
بناء 100 متر 
مكيف 1 طون
مطبخ اميريكي ملكي باللون الرمادي
مع غرفتين وحمام لكل غرفة
مع حمام مركزي
اكساء سوبر ديلوكس
بير مي مع غطاس
مسبح 5 ب 10 امتار مع فلترة
شادر متحرك يغطي المسبح كاملا
Read more"
0ce7ded748,2026-08-18,"8/18/26, 4:38:27 AM",إيجار,محل,روضه,200000.0,USD,المطلوب 200 الف$,250.0,,250,800.0,3,False,,"للاجار بنايه🌷
بالروضه شارع 
3 طوابق مع ارضي 
كل طابق 250 متر
4 غرف وصالون
يوجد مصعد
يصلح بامتياز
🌀🌀🌀🌀 شركه .مكاتب .مدرسه
معهد .بنك 
قابل ليصبح تجاري
ومعو جناين
كسوة ممتازة
مع محل كبير وفوق مساحه كبيرة 
و كراج للسيارات
المطلوب 200 الف$🌷"
627d0ec707,2026-08-18,"8/18/26, 3:30:53 AM",غير محدد,فندق/سياحي,دمشق القديمة,,,,300.0,,ارضي,,6,False,,"لمحبي  المنازل الكبيرة  او الإستثمار 🎯
يصلح فندق سويتات
🌀🌀🌀🌀🌀🌀
منزل بدمشق القديمة
شريحة اثرية 
 بالعمارة عالشارع العام 
ثلاث طوابق كسوة جيدة جدا 
طابو اخضر 2400
مساحة 300متر 
إكساء الطابق الارضي حجر مع فتحة سماوية
والطابقين الثاني والثالث إكساء مودرن 
ثلاث سويتات مع سويت رابع مهيئ للعمار
يوجد ست حمامات وثلاث مطابخ 
وفسحتين سماويتين 
يصلح ليكون فندق صغير
Read more"
440c640f27,2026-08-18,"8/18/26, 2:59:52 AM",إيجار,سكني,,,,,,,تاني,,0,True,,"منزل للايجار 🎯🎯
ثلاث غرف وصالون ومطبخ وحمامين وبرندا ✨
مفروش بالكامل مع كهربائيات المطبخ ومكيفات ومروحة بكل غرفة وسخان ماء كهربا ومازوت ⚡
طابق تاني لا يوجد مصعد 
عنوان الخطيب 💥 السعر 12.الف$ بالسنة 
اجار سنوي  وفي حكي بالسعر 🎯🎯
يوجد صور"
8a67df6320,2026-08-17,"8/17/26, 11:32:16 AM",بيع أو إيجار,محل,القصور,500000.0,USD,مبيع 500الف $,44.0,,,11363.64,5,False,,"محل بساحة القصور🎯🎯 مباشرة بيع اواجار مساحة ٤٤متر لايوجد مدخنة فروغ وملك طابو 
اجار ٢٥الف سنوي
مبيع ٥٠٠الف $🎯🎯"
e3edfc8d09,2026-08-17,"8/17/26, 8:33:15 AM",بيع,سكني,برزة,90000.0,USD,السعر 90 الف دولار,90.0,,2,1000.0,3,True,,"للبيع شقة🌺
 مساكن برزة قرب فلافل على كيفك وجامع الحسنين
مساحة 90 متر 
طابق 2
تقسيم غرفتين وصالون ومنافع 
كسوة ممتازة
طابو اسهم 
اتجاه شرقي 
لايوجد مصعد سطح مشترك 
السعر 90 الف دولار
يوجد فيديو🌺"
eab0e0b408,2026-08-17,"8/17/26, 8:30:52 AM",إيجار,محل,الميسات,550.0,USD,السعر 550  دولار,30.0,,,18.33,4,True,,"للاجار محل الميسات اول طلعة الميسات
مطل عل شارع العام مع وجيبه كبيرة لسيارات  
المساحة ٣٠ متر مع سقيفه على المساحته والمحل جاهز ومنفوض حديثا 
واجهة سكريت 
السعر 550  دولار بل شهر 
دفع سنتين سلف 
لايوجد مدخنة 
لايوجد صور"
739cbb1d21,2026-08-17,"8/17/26, 6:32:54 AM",بيع,فندق/سياحي,,,,,175.0,,2,,5,True,,"بيت للبيع ⚘️
بشارع الثورة خلف الطابو 
بيطل عشارع الثورة 
عند فندق الدارة 
عندي بيت مساحه ١٧٥ متر شرقي قبلي غربي 
ط٢ كسوة جيدة
يوجد حصة بالسطح وحصة بالقبو 
برندا عدد ٢
٣ نوم و٣ صالونات وغرفة موزع 
كسوة جيدة 
مطلوب ٢٢٥ الف  
يوجد فيديو⚘️"
7d3521abe1,2026-08-17,"8/17/26, 5:18:05 AM",بيع,سكني,شارع بغداد,,,,170.0,,3,,5,True,,"منزل للبيع🎯🎯
 بشارع بغدادطابق ٣مع السطح مساحة ١٧٠متر٣غرف وصالون 
وحمامين وبرنداعالشارع وبرنداخلفية كسوة قديمة طابو ٢٤٠٠سهم 
مطلوب ١٨٥وبازار
يوجدفيديو للزبون🎯🎯"
f3c437bdaa,2026-08-17,"8/17/26, 3:47:43 AM",بيع,سكني,ميسات,400000.0,USD,المطلوب 400 الف$,165.0,,,2424.24,2,True,,"للبيع شقه🌷
اكساء سوبر ديلوكس 
ميسات 
3 غرف نوم و3 حمامات
غرفة سفرة وغرفة جلوس وصالون و3 برندات
4 اتجاهات
طلوع 6 درجات
مساحة 165 متر 
مع التراس معمر غرفة النوم رقم 3
مع طاقه وشوفاج
المطلوب 400 الف$
مع الفرش
يوجد فيديو للزبون🎯"
819e4c55c6,2026-08-17,"8/17/26, 3:47:42 AM",بيع,سكني,الميسات,,,,300.0,,رابع,,6.5,True,,"للبيع شقه🎯
طلعة الميسات 
بلاطه كامله
قبل جامع ابو النور
مساحه 300 متر
مع السطح مساحه 300 متر ورقه طابو لحالها
7 غرف
بناء اربع طوابق
الاتجاهات قبلي شرقي
الكسوة قديمه نضيفه
طابق رابع
طابو اخضر 2400 سهم
المطلوب 400 الف منهي
يوجد صور🎯"
0418ed96f0,2026-08-17,"8/17/26, 3:47:41 AM",بيع,أرض,الميسات,350000.0,USD,السعر 350 الف $,200.0,,أرضي,1750.0,5,True,,"للبيع شقه🎯
 بمنطقة الميسات
إطلالة على حديقة الست الحفظة
الارتفاع طابق أرضي طلوع ٤ درجات
المساحة 200 متر
الاكساء قديم نضيف
التوزيع خمس غرف نوم وصالون وضهر كراج وبرندات
لإتجاه شرقي شمالي غربي
طالو أخضر ٢٤٠٠ سهم 
يوجد صور للمنزل
 للتواصل إتصال او واتس 
السعر 350 الف $  🎯"
478561d806,2026-08-17,"8/17/26, 3:03:45 AM",بيع,مزرعة/فيلا,المزرعة,250000.0,USD,السعر 250 الف دولار,145.0,,رابع,1724.14,8.5,False,,"للبيع شقة بالمزرعة
🌺🌺🌺🌺🌺
 شارع الشلال 
مساحة 145 متر
طابق رابع اخير
تقسيم غرفتين نوم وصالون كبير ومطبخ واسع
سقيفة عدد 3
برندا اطلالة ع جامع الايمان 
اتجاه قبلي شرقي 
كسوة جيدة جدا
منظومة طاقة شمسية للمنزل 
لايوجد مصعد قابل للتركيب 
ملكية طابو اخضر 
يوجد حصة سطح 
السعر 250 الف دولار وسكرة
Read more"
1c4425996d,2026-08-16,"8/16/26, 3:59:16 PM",إيجار,تجاري/مكتب,,,,,,,,,2,True,,"بيت للاجار
⚘️⚘️⚘️⚘️⚘️⚘️ بالحلبوني منطقة هادية ووسط البلد  ((لعرسان حصرا )) مفروش غرفة نوم  وصالون وغرفة سفرا مجهز افضل التجهيز والاكساء سوبر ديلوكس اول مرة بيتاجر  
 مطلوب ١٠٠٠ بالشهر  اذا مع منظومة طاقة كاملة ..  وعمولة  مكتب وتامين
يوجد صور
⚘️⚘️⚘️"
0cf4c9a783,2026-08-16,"8/16/26, 1:26:59 PM",بيع,سكني,,260000.0,USD,السعر  260 الف دولار,180.0,,ثالث,1444.44,4,False,,"للبيع  بيت 🎯🎯
على اوتوستراد الفيحاء
 اطلاله مباشره عالحزام الاخضر ثلاث اتجاهات شرقي قبله غربي🎯
 طابق ثالث مساحه 180 متر ست غرف وموزع 
  ٤ براندت ..و٣ سقيفه
البناء على الاستراد مباشر
 بكل طابق بيتين فقط
 تدفئه مركزيه
 طابو اخضر
البيت ورثه 
السعر  260 الف دولار وسكرا
🎯🎯لايوجدصور"
da7e32a37b,2026-08-16,"8/16/26, 12:38:19 PM",بيع أو إيجار,سكني,,60000.0,USD,مطلوب بيع 60 الف$,40.0,,,1500.0,2,True,,"للبيع او للاجار🎯
 البيت غرفة وصالون كسوة ديلوكس ومفروش كامل بشارع الامين مقابل فلافل الهم
: اذا اجار شهور الشهر 350$ واذا شهر 500$

وما بيدفع المستأجر مي ولا كهربا يعني المبلغ من ضمنه المي والكهربا
نصاصي: حكم محكمة
 مساحه 40 متر
  الاتجاه قبلي
المطلوب 350 $بالشهر
 واذا شهر 500 $
مطلوب بيع 60 الف$
 يوجد فيديو🎯"
b9d63c507f,2026-08-16,"8/16/26, 12:17:34 PM",بيع,أرض,مزة,325000.0,USD, السعر  325 الف دولار,300.0,,ارضي,1083.33,9,False,,"للبيع بيت 🌷
🌈🌈🌈🌈🌈🌈🌈
 المزة شيخ سعد مقابل صالة الاحسان خلف مركز التصوير الشعاعي
ارضي كبير خرج عائلة كبيرة او عائلتين
مساحة داخلية 220م 
التوزيع اربع غرف نوم تلات حمامات مطبخين 
حديقة 300م 
كراج ومدخل مستقل  ومدخل من البناء
ساعتين كهرباء وعدادين ماء 
الكسوة قديمة
الملكية. طابو اسكان 
3اتجاهات
البناء كامل 4 طوابق
بعد تخفيض صاير👇🏻
 السعر  325 الف دولار وبازار ناعم
Read more"
b25e0be20b,2026-08-16,"8/16/26, 7:54:12 AM",بيع,أرض,باب شرقي,17000.0,USD, سعر القصبي 17 ألف دولار,404.0,,,42.08,9.5,False,,"الأرض  للبيع🌷
تم تنزيل السعر لضرورة البيع
🌀🌀🌀🌀🌀
أوتستراد الكباس تحت جسر عين ترما بعيدي عن الشارع العام 20 متر 
طابو اخضر شرقي باب شرقي مسجد اقصاب
تصلح مغسل سيارات او اي عمل تجاري
مساحة الأرض 404 متر (17 قصبي)
 سعر القصبي 17 ألف دولار وبازار🌷"
f33951bf7d,2026-08-16,"8/16/26, 5:52:10 AM",بيع,تجاري/مكتب,المالكي,650000.0,USD,ء يصلح للسكن او شركات تجارية السعر 650 الف $,380.0,,,1710.53,8,True,,"للبيع بسعر مناسب 
🪷🪷🪷🪷
 منزل في المالكي مساحة اجمالية ٣٨٠ متر ( مساحة خارجية ٢٠٠ م + ١٧٠ م داخلي كسوة ممتازة مع مسبح يوجد مدخل مستقل و مدخل بناء يصلح للسكن او شركات تجارية السعر ٦٥٠ الف $ و بازار
لا يوجد صور
🪷🪷🪷🪷"
2f376e2eba,2026-08-16,"8/16/26, 4:30:07 AM",بيع,محطة/خدمات,القصور,,,,115.0,,4,,6.5,False,,"للبيع منزل 
🌈🌈🌈🌈🌈
 ملحق مع السطح 
مقابل كازية القصور 
طابق 4 
اتجاه غربي اطلالة على شارع 
 شمالي على بناء 
لايوجد مصعد 
دراج نظام مريح 
المساحة 115م
الوصف 4 غرف وصالون 
نوع الاكساء جيد 
نوع الملكية طابو اخضر 2400 بصمة وحدة 
السعر 140 الف وسكرة ناعمة جدا 
مرافق عامة جاهزة
Read more"
457e2da319,2026-08-16,"8/16/26, 2:43:55 AM",بيع,سكني,,,,,130.0,,4,,4,True,,"للبيع 🎯🎯
منزل اسد الدين اطلالة على ابن العميد 
3 غرف وصالون كبير ..وغرفة غسيل 
برندا عدد 2 ..
مساحة 130م ..طابو اخضر 
طابق 4 اصنصير خدمة كاملة 
طاقه شمسية للماء
مطلوب ١٨٠
كسوة جيدة جدا
يوجد فيديو🎯🎯"
dcacb2dfaf,2026-08-15,"8/15/26, 11:50:42 PM",بيع,محل,طريق المطار,100000.0,USD,مطلوب 100الف $,100.0,,,1000.0,6,False,,"🌷محل طريق المطار اول جسر مفرق الاندلس طريق صالات الاكساء والسيراميك مقابل زنوبيا مساحة ١٠٠ متر عالشارع العام مباشرة يصلح لكل المهن 
للبيع من المالك صاحب العقار
حكم محكمة سهلة نقلو لطابو
مطلوب ١٠٠الف $🌷"
bfaa1d4f5d,2026-08-15,"8/15/26, 11:50:06 PM",بيع,سكني,ركن الدين,,,,100.0,,تاني,,4,True,,"منزل للبيع 🌷
 شرقي ركن الدين 
 شارع الهجرة والجوازات  
 الطابق: تاني مع مصعد 
 مساحة: 100 متر 
 غرف عدد 3 وصالون ومنافع 
 كسوة ممتازة 
 اطلالة على حدائق من جميع الاتجاهات 
 طابو اخضر 2400
 يوجد فيديو عالواتس
المطلوب 160 الف و سكرا يوجد فيديو🌷"
3dbe146d77,2026-08-15,"8/15/26, 11:15:07 PM",بيع,سكني,برنية,300000.0,USD,السعر المطلوب : 300 ألف دولار,135.0,,خامس,2222.22,4,True,,"للبيع شقة 🎯🎯
بعد دوار شارع برنية نزلة نذير سالم إطلالة حلوه
الإرتفاع الطابقي : طابق خامس(يوجد مصعد طاقة)
المساحة : 135 م
الإتجاهات : قبلي شرقي شمالي .
الإكساء : سوبر .
الملكية : طابو أخضر 2400 سهم .  
موقع مميز جدااا
السعر المطلوب : 300 ألف دولار وبازار .
يوجد فيديو🎯🎯"
309e354b69,2026-08-15,"8/15/26, 11:15:07 PM",بيع,أرض,,,,,160.0,,ارضي,,4,True,,"🌷منزل للبيع بموقع استراتيجي يصلح لاي عمل تجاري وسكني ارضي طلوع كم درجة عاسترادالفيحاء مقابل منتزه البستان مساحة ١٦٠متر كسوة وسط طابو٢٤٠٠
مطلوب ٣٠٠الف 🌷
يوجد فيديو"
68525c75be,2026-08-15,"8/15/26, 11:15:06 PM",بيع,سكني,العدوي,250000.0,USD,المطلوب 250 الف $,150.0,,8,1666.67,2,True,,"للبيع شقة🎯
اطلاله ملكيه
 بشرقي ركن الدين 
خلف الهجرة والجوازات
طابق 8 
اطلاله على الحزام الأخضر
وبساتين العدوي وطلوع التنايا
اتجاه شرقي شمالي
مساحة 150 متر
كسوة قديمه نضيفه
4 غرف وصالون  مع حمامين
ساحة لركن السيارات امام البناء ناطور
بئر ماء خاص بالبناء
المطلوب 250 الف $ 
يوجد فيديو🎯"
67f937d3c0,2026-08-15,"8/15/26, 11:15:06 PM",بيع,أرض,,,,,230.0,,ارضي,,4,True,,"للبيع منزل🎯
 استراد الفيحاء مقابل منتزة جوري قريب لصيدلية النسيم
 طابق ارضي طلوع ٥ درجات
 مساحة ٢٣٠ متر 
داخلي  180 متر 
50  متر تراس 
 قبلي شرقي شمالي
 اربع غرف وصالون
 #ويوجد غرفتين ومنافع منفصلين  مع خط هاتف وساعة كهرباء
 كسوة ممتازة
طابو 2400 سهم
 مطلوب 310 وبازار
يوجد صور🎯"
0fea90b005,2026-08-15,"8/15/26, 4:22:04 PM",بيع,سكني,,,,,145.0,,خامس,,2,False,,"🎯🎯للبيع بيت قرب نادي الكهربا عالاستراد الفيحاء اطلالة على الحزام الاخضر مساحة ١٤٥ متر طابق خامس مصعد طاقة كسوة قديمة نضيفة السعر ٣٠٠ الف وبازار
🎯🎯يوجدصورللزبون"
51660ade74,2026-08-15,"8/15/26, 2:50:00 PM",بيع,سكني,ركن الدين,220000.0,USD,المطلوب 220 الف$,126.0,,تاسع,1746.03,2,True,,"شقة للبيع 🌷
شرقي ركن الدين
خلف الهجرة والجوازات
نسق ثاني بناء برجي
4 غرف و صوفا
طابق تاسع من اصل 12
مساحة ١٢٦ م اطلالة على الحزام
كسوة قديمة جيده - مصعد طاقة - 
 اتجاهات شرقي قبلي
المطلوب 220 الف$و بازار
لايوجد صور 🎯"
32a4d9d921,2026-08-15,"8/15/26, 10:12:10 AM",إيجار,تجاري/مكتب,أبو رمانة,7000000.0,SYP?,7 مليون,30.0,,,,2,True,,"للاجارعيادة🎯🎯
اسنان مجهزة بدون اجهزةبأبو رمانة جادة ابن الهيثم جانب صيدلية الرافعي نزول ٨ درجات المساحة ٣٠ متر
مطلوب ٧ مليون بالشهروعمولة شهر 
لا يوجد صور🎯🎯"
065ec16201,2026-08-15,"8/15/26, 5:20:33 AM",إيجار,أرض,جسر الابيض,300.0,USD,مطلوب 300$,,,ارضي,,3,False,,"للاجار  بالجسر الابيض 
📍📍📍📍
عقار ارضي غرفتين وبوفيه وحمام 
 يصلح عيادة مكتب سكني مستودع 
اكساء جيد 
مطلوب 300$ + شهر عمولة مكتب"
2801c1ff48,2026-08-14,"8/14/26, 11:10:12 AM",بيع,غير مصنف,الزاهرة,145000.0,USD,السعر 145 الف $,90.0,,تاني,1611.11,5,True,,"للبيع
📍📍📍📍
بالزاهرة القديمة 
مقابل المركز الثقافي 
طابق تاني ٩٠ متر 
اكساء سوبر ديلوكس حديث 
مصعد ٢٤ ساعة 
موجود طاقة شمسية كاملة 
غرفتين وصالون وغرفة سفرة اتجاه شرقي  حصة بالسطح والقبو 
يوجد بئر ماء بالبناء 
السعر ١٤٥ الف $  مع الفرش
يوجد فيديو📍📍📍"
23929a3b7c,2026-08-14,"8/14/26, 6:41:17 AM",إيجار,أرض,المالكي,32000.0,USD,"💰السعر: 32,000 دولار",231.0,,أرضي,138.53,4,False,,"✨من المالك مباشرة✨
للإيجار: سكني أو غير معلن
الموقع : المالكي ، شارع قرطبة ، خلف مشفى الحكمة
الارتفاع الطابقي : أرضي نزول كم درجة 
حالة العقار: فاضي غير مفروش 
المساحة : 231 متر²
تقسيم العقار: 6 غرف صالون  حمامات مطبخ
الإكساء : ممتاز (تشطيب جديد)
صور العقار: يوجد على الواتساب 
💰السعر: 32,000 دولار سنوي 
+ إيجار شهر عمولة مكتب"
4c2b900416,2026-08-14,"8/14/26, 6:19:26 AM",غير محدد,فندق/سياحي,المرجة,500.0,USD,بسعر استثمار500.000 $,,,,,3.5,False,,"فندق للاستثمار🎯🎯
 بالمرجة خمس طوابق عدد الغرف خمسين غرفة
من ضمن ال٥٠ غرفة
يوجد ١٥ جناح
ويتضمن مقهى
بسعر استثمار500.000 $ وبازار🎯🎯"
8b4fed1c97,2026-08-14,"8/14/26, 4:28:43 AM",بيع,غير مصنف,الزاهرة,145000.0,USD,السعر 145 الف $,90.0,,تاني,1611.11,5,True,,"للبيع بالزاهرة 
القديمة 
📍📍📍📍📍
مقابل المركز الثقافي 
طابق تاني ٩٠ متر 
اكساء سوبر ديلوكس حديث 
مصعد ٢٤ ساعة 
موجود طاقة شمسية كاملة 
غرفتين وصالون وغرفة سفرة اتجاه شرقي  حصة بالسطح والقبو 
يوجد بئر ماء بالبناء 
السعر ١٤٥ الف $  مع الفرش
يوجد فيديو"
f3b47cd61f,2026-08-14,"8/14/26, 4:26:56 AM",بيع,سكني,,,,,100.0,,رابع,,2,True,,"للبيع🌹
شقه ولا احلا من هيك شقه
مقابل مول قاسيون  
جانب مركز الصلخدي الطبي
طابق رابع أخير
 مساحة 100 متر
 اتجاه شرقي شمالي
وبطارية ليثيوم
 غرفتين وصالون وحمامين
كسوة ممتازة جدا مشمس وضاوي
الملكيه اسكان
  حكم محكمه
المطلوب 115 الف و سكرا
يوجد صور🎯"
7cfa8f7c4d,2026-08-14,"8/14/26, 4:26:56 AM",بيع,سكني,برزة,,,,160.0,,3,,2,True,,"منزل للبيع🎯🎯
 مساكن برزة قرب دوارالطاهي مساحة ١٦٠متر خمس غرف قبلي شرقي غربي كسوة  قديمه طابق 3مع مصعدطابو٢٤٠٠
مطلوب ١٩٠الف 
يوجدفيديو للزبون🎯🎯"
9058c05422,2026-08-13,"8/13/26, 2:11:13 PM",إيجار,تجاري/مكتب,البرامكة,800.0,USD,ن نوم وصالون كبير وغرفة قعدة مطلوب 800$,,,,,2,True,,"نعتذر من المكاتب والوسطاء
بيت للاجار⚘️
 بالبرامكة قريب من مجمع الاموين  مفروش غرفتين نوم وصالون كبير وغرفة قعدة مطلوب ٨٠٠$بالشهر وعمولة مكتب شهر
يوجد صور⚘️"
d9cd29332e,2026-08-13,"8/13/26, 10:07:32 AM",بيع أو إيجار,سكني,ركن الدين,300.0,USD, اذا 6 شهور او 3 شهور 300 دولار,75.0,,اول,4.0,5.5,True,,"نعتذر من المكاتب والوسطاء
⚘️⚘️⚘️⚘️⚘️⚘️
(للبيع او الاجار )
منزل في ركن الدين اسد الدين وانلي سابع 
اول حارة باسد الدين من جانب ابن النفيس 
موقع ممتاز يعتبر على اسد الدين و الاستراد طابق اول
٧٥ م غرفتين مفتوحين ع بعض بباب اكرديون وغرفة نوم كبيرة 
حمامين و مطبخ برندا مقززة مضمونة للمطبخ 
ضاوي إكساء ممتاز حكم محمكة 
(المبيع ٤٠ الف دولار منهي) ( اذا  الاجار بسنة ٢٥٠ دولار اذا ٦ شهور او ٣ شهور ٣٠٠ دولار بشهر) يوجد فيديو"
b0a6953ea7,2026-08-13,"8/13/26, 10:01:43 AM",إيجار,تجاري/مكتب,جسر الابيض,650.0,USD,كسوة قديمة نظيفة منفوض صحية وكهربا 650 $,130.0,,تالت,5.0,5.5,True,,"نعتذر من المكاتب والوسطاء
بيت للاجار
⚘️⚘️⚘️⚘️⚘️
 فاضي  بالجسر الابيض طلعة العفيف  ١٣٠ متر طابق تالت ٤ وصالون غرفة ماستر  و٣برندات كسوة قديمة نظيفة منفوض صحية وكهربا ٦٥٠ $ بالشهر وسكرة وعمولة مكتب
يوجد صور⚘️"
16c5817e54,2026-08-13,"8/13/26, 10:00:33 AM",بيع,تعليمي,,3000000.0,USD,المطلوب 3 مليون$,2500.0,,قبو وارضي واول ورخصه,1200.0,6.5,False,,"🎯للبيع مدرسه🎯
تجهيز كامل اكساء سوبر
مساحه 2500 متر
ضمن تجمع سكني
قبو وارضي واول ورخصه لطابق التاني
ترخيص اعدادي + ثانوي
ذكور واناث
المطلوب 3 مليون$ و 300 و بازار🎯"
b1223d9c08,2026-08-13,"8/13/26, 9:15:14 AM",إيجار,سكني,البرامكة,325.0,USD,وصالون وبرندة كبيرة إطلالة داخلية. 325$,,,تاني,,0,True,,"نعتذر من المكاتب والوسطاء
⚘️⚘️⚘️⚘️⚘️⚘️
للاجار شقة فاضية بالبرامكة 
زقاق الجن طابق تاني اكساء جيد مدهونة جديد 3غرف وصالون وبرندة كبيرة إطلالة داخلية. ٣٢٥$
يوجد فيديو"
59cb8db6a3,2026-08-13,"8/13/26, 9:11:14 AM",إيجار,أرض,جسر الابيض,300.0,USD,مطلوب 300$,,,ارضي,,3,True,,"نعتذر من المكاتب والوسطاء
للاجار 
📍📍📍📍
 بالجسر الابيض 
عقار ارضي غرفتين وبوفيه وحمام 
 يصلح عيادة مكتب سكني مستودع 
اكساء جيد 
مطلوب 300$ + شهر عمولة مكتب
يوجد فيديو
📍📍📍📍"
81b9ab57d4,2026-08-13,"8/13/26, 9:08:44 AM",إيجار,سكني,,550.0,USD,يه طابق 2اكساء جديد 3وصالون وبراند 550دولار,,,2,,0,True,,"نعتذر من المكاتب والوسطاء
⚘️⚘️⚘️⚘️⚘️⚘️⚘️⚘️
للاجاربدون فرش رقم 3
 بيت بالبرامكه جنب حلويات شاميه طابق ٢اكساء جديد ٣وصالون وبراند ٥٥٠دولار
يوجد فيديو⚘️"
32be4a5f8c,2026-08-13,"8/13/26, 9:08:44 AM",إيجار,أرض,جسر الابيض,300.0,USD,مطلوب 300$,,,ارضي,,3,True,,"للاجار 
📍📍📍📍
 بالجسر الابيض 
عقار ارضي غرفتين وبوفيه وحمام 
 يصلح عيادة مكتب سكني مستودع 
اكساء جيد 
مطلوب 300$ + شهر عمولة مكتب
يوجد فيديو
📍📍📍📍"
c520ebec07,2026-08-13,"8/13/26, 9:08:43 AM",إيجار,تجاري/مكتب,البرامكة,400.0,USD, ةبرندا  مفروش  عند المكاتب    ... 400$,,,اول,,3,True,,"نغتذر من المكاتب والوسطاء
بيت للاجار 1رقم
⚘️⚘️⚘️⚘️⚘️⚘️
 بالبرامكة بالحلبوني طابق اول غرفتين ومطبخ وسقيفة كبيرة ةبرندا  مفروش  عند المكاتب    ... ٤٠٠$بالشهر وعمولة شهر مكتب.
يوجد فيديو
⚘️⚘️⚘️⚘️⚘️"
3b69d4cfba,2026-08-13,"8/13/26, 9:08:43 AM",إيجار,سكني,,425.0,USD,تين وصالون وبراندا عدد2 الدفع سنوي 425 دولار,,,اول,,0,True,,"نعتذر من المكاتب والوسطاء
للاجار بدون فرش رقم 2
⚘️⚘️⚘️⚘️⚘️⚘️⚘️ بيت بالبرامكه اطلاله ع جامع الرفاعي طابق اول غرفتين وصالون وبراندا عدد٢ الدفع سنوي ٤٢٥ دولار
يوجد فيديو⚘️"
7ba3d39db4,2026-08-13,"8/13/26, 9:08:43 AM",إيجار,تجاري/مكتب,,6000000.0,SYP?,6 مليون,55.0,,,,2,True,,"نعتذر من المكاتب والوسطاء
⚘️⚘️⚘️⚘️⚘️⚘️⚘️⚘️مكتب غير معلن للاجار بشارع خالد ابن الوليد نصاصي ٥٥ متر غرفتين وصالون ومطبخ وحمام صغير  ومجهز مكتب .. مطلوب ٦ مليون بالشهر. اكساء جيد  موقع مميز ...  لايوجد صور⚘️"
3070959ad8,2026-08-13,"8/13/26, 4:50:26 AM",إيجار,محل,الميسات,550.0,USD,السعر 550  دولار,30.0,,,18.33,4,True,,"للاجار محل🌈🌈🌈
 الميسات اول طلعة الميسات
مطل عل شارع العام مع وجيبه كبيرة لسيارات  
يصلح لاي عمل تجاري
🌀🌀🌀🌀🌀🌀
المساحة ٣٠ متر مع سقيفه على المساحته والمحل جاهز ومنفوض حديثا 
واجهة سكريت 
السعر 550  دولار بل شهر 
دفع سنتين سلف 
لايوجد مدخنة 🌈🌈🌈
لايوجد صور"
f6501b23bd,2026-08-13,"8/13/26, 3:48:19 AM",إيجار,تجاري/مكتب,ركن الدين,700.0,USD,مطلوب 700$,,,رابع,,2,True,,"للاجار 🌹
البيت بشرقي ركن الدين شارع الهجره والجوازات..مفروش ديلوكس خرج عرسان..غرفه نوم وصالون كبييير ومطبخ امريكي كبير ومنتفعات
طابق رابع مع مصعد ... واشتراك شهري بالطاقه الشمسيه الاسانصير للي بحب
مطلوب 700$ بالشهر والاجار  سنوي حصرا وعمولة شهر للمكتب + تامين
يوجد صور🎯"
99e9260295,2026-08-12,"8/12/26, 3:04:15 PM",بيع,أرض,الميسات,,,,290.0,,ارضي,,7,False,,"عقار للبيع
🎯🎯🎯🎯🎯🎯🎯
 في مركز  المدينة 
منطقه الميسات - شارع النهر مطل على الشارع الرئيسي 
•  طابق ارضي طلوع 5 درجات 
•  المساحة 290 متر تقريبا  
•  5 غرف + غرفه ألمنيوم بلور وصالون و حمامين ومطبخ و تراس عدد 3 كبار و 3 برندات 
•  سقايف عدد 3 
•  اكساء قديم 
•  حديد خارجي للشبابيك على داير المنزل. 
•  اطلالات مفتوحه من كل الجهات .
•  مطل على جبل قاسيون و  حدائق من الامام والخلف 
*  ٤ جهات شمالي جنوب شرقي غربي
*  امكانيه فتح باب خارجي  تاني للمنزل متل  باقي الجيران.
•  مدخل بناء واسع وانيق .
Read more"
2fe00ddc74,2026-08-12,"8/12/26, 1:30:53 PM",بيع,تعليمي,الجسر الأبيض,,,,140.0,,تاني,,6,True,,"للبيع بيت🌹
 بالجبة قريب ع مدرسة  أم البنين عند نزلة الجسر الأبيض 
اتجاهات قبلي شرقي
طابق تاني مساحة 140 متر 
سوكة كسوة جيدة 
قابل القسم شقتين 
سعر 225 الف وبازار🌹 يوجد فيديو للزبون فقط🎯"
38285a062e,2026-08-12,"8/12/26, 12:02:10 PM",إيجار,مطعم/كافيه,مزرعة,150.0,USD,مطلوب 150$,,,,,0,True,,"للاجار مزرعة🎯
بكرا فقط فاضيه
سهل مضايا طريق العام دخلة الكازية جنت الجامع او مطعم بيت الكرم .
3 غرف نوم مع حمامات و صالون 
كهربا طاقة مي 24
مطلوب 150$
يوجد صور🎯"
289df6af3c,2026-08-12,"8/12/26, 9:14:49 AM",إيجار,محل,الميدان,1000.0,USD,وديرن  يصلح لصيدلية بامتيار  مطلوب 1000$,40.0,,,25.0,2,False,,"محل للاجار 
(يصلح صيدلية )
🌀🌀🌀🌀🌀🌀 موقع مميز جدا  كورنيش الميدان مساحة ٤٠ متر ديكور حديث موديرن  يصلح لصيدلية بامتيار  مطلوب ١٠٠٠$بالشهر وعمولة مكتب شهر"
c250776095,2026-08-11,"8/11/26, 10:28:09 PM",بيع,سكني,برنية,,,,145.0,,3,,4.5,True,,"منزل للبيع🎯🎯
 باول طريق الهجرة والجوازات من جهة برنية طابق ٣يوجدمصعد
مساحة ١٤٥متر ٥غرف وصوفا و٣برنادات شرقي شمالي غربي كسوة قديمة نضيفة طابو ٢٤٠٠حصة بالسطح والقبو 
مطلوب ٢٥٠وسكرة 
لايوجد صور المواعيدكل يوم من بعدالستة ونص 🎯🎯"
ff6dab0505,2026-08-11,"8/11/26, 5:09:58 PM",بيع,تعليمي,,140000.0,USD,المطلوب 140 الف$,85.0,,,1647.06,6,True,,"للبيع شقه🌷
صلاح الدين باتجاه ابن العميد
بعد نزلة مدرسة الفنون
مساحه 85 متر
3 و صالون 
قبلي شمالي 3 برندات كبار
طابو اخضر 2400 سهم
المطلوب 140 الف$  وبازارمع العفش
يوجد فيديو🌷"
f041b8fd54,2026-08-11,"8/11/26, 5:05:44 PM",إيجار,تجاري/مكتب,الميسات,400.0,USD,400 دولار,,,رابع,,3.5,True,,"لقطة 
📍📍📍
بالميسات للاجار 
غرفة وصالون لعرسان 
مفروش  طابق رابع مع مصعد 
400 دولار منهي منهي 
الدفع سنوي + شهر عمولة مكتب
يوجد فيديو
📍📍📍📍"
8ca8d6f6be,2026-08-11,"8/11/26, 3:13:11 PM",بيع,سكني,مزة,,,,125.0,,ثاني,,4,True,,"للبيع شقة
💥 بالمزة جبل جانب مشفى الأسدي بناء الاعلام 
_مساحة 125 متر 
طابق ثاني مع وجود مصعد 
_4غرف كبار وصوفا
_اتجاه قبلي شمالي 
_ملكية طابو أخضر 
250 الف وبازار
يوجد فيديو💥"
6f1744c69c,2026-08-11,"8/11/26, 3:11:39 PM",إيجار,محل,ركن الدين,500.0,USD,500 دولار,35.0,,,14.29,5,False,,"محل للايجار🌷
 مساحة 35 متر مع سقيفة كبيرة بشرقي ركن الدين نزلة البريد 
يصلح سوبر ماركت الواح طاقه زينة سيارات الواح طاقه ملبوسات بلاي ستيشن
500 دولار بالشهر🌷"
9353e156fe,2026-08-11,"8/11/26, 3:11:39 PM",بيع,تعليمي,أبو رمانة,700000.0,USD,السعر 700 الف $,185.0,,ارضي,3783.78,6,False,,"بأبو رمانة 
📍📍📍📍📍
للبيع عقار ارضي 
طلوع كم درجة 
مرخص تجاري يصلح شركة
 مركز طبي معهد 
ابو رمانة قرب الفورسيزن 
مساحة 185 متر 
7 غرف وصالونين 
اكساء سوبر 
طابو 2400 سهم 
السعر 700 الف $"
16d13ef784,2026-08-11,"8/11/26, 2:38:02 PM",بيع أو إيجار,محل,,250000.0,USD,المطلوب 250 الف $,750.0,,150,333.33,5,True,,"للبيع او الاجار مزرعه🌷
اكساء سوبر
تكيه سهل الزبداني نزلة مطعم النهر 
اجار 200 $ باليوم
: مساحة الأرض ٧٥٠ متر   مساحة البناء كل طابق ١٥٠ متر يوجد طابقان
: بكل طابق يوجد غرفتين وصالون ومنافع        ومطبخ اضافي على السطح
 يوجد بئر ماء مع غطاسة  و ٦ خزانات ع بيت الدرج   ساعة كهرباء
 يوجد طريقين لل الفيلا
: يوجد محلين و غرفة ناطور
: طابو جمعية ٢٤٠٠
المطلوب 250 الف $ و بازار مرتب
يوجد صور🎯"
4bd1e4a09a,2026-08-11,"8/11/26, 1:52:17 PM",إيجار,محل,ركن الدين,500.0,USD,500 دولار,35.0,,,14.29,5,False,,"محل للايجار🌷
 مساحة 35 متر مع سقيفة كبيرة بشرقي ركن الدين نزلة البريد 
500 دولار بالشهر🌷"
8ea2c509f2,2026-08-11,"8/11/26, 1:49:44 PM",بيع,سكني,الجسر الأبيض,,,,100.0,,قبو مساحة 100 م,,7,False,,"للبيع منزل 🌹
الموقع : الجسر الأبيض -
قبو مساحة ١٠٠ م 
فايش نزول سبع درجات
الوصف ٣ غرف وصالون كبير ومطبخ وحمامين
(المياه لاتقطع أبداً الحمد لله)
يوجد مدخلين للمنزل
+ حديقة ٢٠ م  فيها شلال بانورامي
+ مستودع صغير 
نوع الملكية طابو اخضر  ٢٤٠٠ سهم
من المالك مباشرة
اتجاه قبلي شرقي غربي
كسوة جيدة
تمديدات صحية وكهرباء جديدة
تمديدات بطارية ليثيوم لكامل العقار
Read more"
abcd558069,2026-08-11,"8/11/26, 1:24:48 PM",بيع,مزرعة/فيلا,مزة,125000.0,USD,السعر125ألف$,75.0,,اول,1666.67,7,True,,"للبيع منزل💥
 مزة فيلات غربية جانب صالة لاكشري بالاس 
طابق اول مساحة 75متر 
غرفتين وصوفا وبرندا اتجاه قبلي بناء مخدم بالناطور والكراج اكساء ممتاز نضيف 
السعر125ألف$💥t
يوجد فيديو"
bac31b4fc1,2026-08-11,"8/11/26, 11:44:42 AM",بيع,غير مصنف,الجسر الأبيض,170000.0,USD," 170,000 دولار",135.0,,ثاني,1259.26,5.5,False,,"🌷 للبيع – الجسر الأبيض 

 دوار التربية – قرب صيدلية الوفاء
📐 135م – طابق ثاني
 إكساء قديم – طابو أخضر
 شرقي غربي

 170,000 دولار🌷لايوجدصور"
55be948511,2026-08-11,"8/11/26, 3:00:29 AM",بيع,محل,,85000.0,USD,مطلوب 85الف $,18.0,,,4722.22,8.5,True,,"🌷محل لقطة كموقع بشارع اسدالدين العام قريب من ساحة شمدين محل للبيع مساحة ١٧متر ووجيبة ١٨متر وسقيفة ومسرمك كسوة ديلوكس ومدخنة جاهزة 
طابو ٢٤٠٠
مطلوب ٨٥الف $وبازار🌷
يوجدفيديو"
f72584a815,2026-08-10,"8/10/26, 3:31:29 PM",بيع,سكني,شارع خالد بن الوليد,,,,,,ثالث,,6,True,,"للبيع منزل ⚘️🎯
بشارع خالد بن الوليد مدخلو من الشارع العام 
طابق ثالث 
شرقي قبلي شمالي
البناء على الشارع مباشرة
المساحة بحوالي ١٤٠ تقريبا
٣ غرف وصالون كبير عبارة عن غرفتين مفتوحين عبعض 
برندا طولية طويلة عشكل حرف L.    كسوة جيدة جدا بدو وش دهان فقط   طابو اخضر. ٢٤٠٠   السعر ١٦٥ الف وبازار 
يوجد فيديو⚘️🎯"
0ac0e528a2,2026-08-10,"8/10/26, 3:57:55 AM",غير محدد,تعليمي,القصور,125000.0,USD, #$ سعر الدنم 125 الف دولار,1000.0,6.0,,125.0,5.5,False,,"فرصة استثماريه مميزة
🌷🌷🌷🌷🌷🌷

ارض للفلل طريق مطار دمشق الدولي جسر مدينة المعارض خارج الحرم موقع مميز نسق اول 

# تبعد الارض 350متر فقط عن عقدة جسر مدينة المعارض طريق مطار دمشق الدولي  منطقة الفيلات والقصور بين أكثر من 80 فيلا وقصر 
#يوجد  دنم ارض 1000 متر مربع  بورقة طابو نظامي خاصة به 2400 سهم منطقه سياحية 
#ويوجد بنفس الارض 4 دنم تقريبا كل دنم بورقة طابو 2400 سهم وفي مساحة اكبر متصله 
#ويوجد بنفس الارض 6 دنم وربع بورقة طابو واحده 2400 سهم  بين الفلل والقصور وفي مساحات أكبر
 #$ سعر الدنم 125 الف دولار وبازار خفيف
📍📍📍📍📍
.يوجد مساحة أكبر #تصلح لاقامة فيلات مع مسابح او موتيلات ومسابح او جامعة خاصة او مدرسة خاصة او مشفى خاصة وغير ذلك 🌷"
2a19f8901b,2026-08-09,"8/9/26, 12:50:43 PM",بيع,سكني,البرامكة,,,,110.0,,,,2,True,,"للبيع بيت⚘️
 بالبرامكة قرب القدموس البيت غرفتين نوم وصالون كبير عبارة عن غرفتين كبار مفتوحين عبعض وبرندة اطلالة جميلة جدا عقاسيون وجزء من ملعب تشرين  وسقيفتين مكسي جديدة     ١١٠م اتجاه غربي  وقبلي وشمالي.  تسليم فوري  مطلوب ١٥٠ الف. 
يوجد صور⚘️"
16d29b1d65,2026-08-09,"8/9/26, 10:47:32 AM",بيع,تعليمي,أبو رمانة,700000.0,USD,السعر 700 الف $,185.0,,ارضي,3783.78,6,True,,"بأبو رمانة
📍📍📍📍📍
للبيع عقار ارضي 
طلوع كم درجة 
مرخص تجاري يصلح شركة
 مركز طبي معهد 
ابو رمانة قرب الفورسيزن 
مساحة 185 متر 
7 غرف وصالونين 
اكساء سوبر 
طابو 2400 سهم 
السعر 700 الف $
لا يوجد صور
📍📍📍📍📍"
c574cea209,2026-08-09,"8/9/26, 9:58:03 AM",بيع,تجاري/مكتب,برنية,225000.0,USD,السعر 225 الف $,135.0,,,1666.67,6,True,,"للبيع 🎯🎯
شارع برنية _ الميسات 
شارع نشط وحيوي بنص الشام
يصلح مجمع عيادات او مكاتب بامتياز
بيت  شمالي قبلي مساحة ١٣٥ م شرح ومضوي مع جنينة مساحة ٥٠م
التقسيم صالون وتلت غرف وحمامين مع المطبخ 
الجنينة ممتدة ع طول البيت لكل الغرف
ملكية طابو _ اكساء جيد
السعر 225 الف $ وبازار
يوجد فيديو🎯🎯"
1c8d40e269,2026-08-09,"8/9/26, 6:25:56 AM",غير محدد,أرض,الميسات,,,,60.0,,ارضي,,4.5,True,,"🌷لقطة 🌷
منزل ط ارضي طلوع كم درجةمساحة  ٦٠ م طلعة الميسات غرفتين منافع سقيفة طابو٨٠٠سهم بصير ٢٤٠٠بعملية فرز ٧٣ الف  🌷
يوجد فيديو للزبون"
f69a4d6fac,2026-08-09,"8/9/26, 4:10:07 AM",بيع,سكني,الجسر الأبيض,170000.0,USD," 170,000 دولار",135.0,,ثاني,1259.26,5.5,False,,"للبيع بيت🎯🎯
– الجسر الأبيض 

 دوار التربية – قرب صيدلية الوفاء
 135م – طابق ثاني
 إكساء قديم – طابو أخضر
 شرقي غربي

 170,000 دولار
لايوجدصور🎯🎯"
e9922c135d,2026-08-08,"8/8/26, 11:11:42 PM",بيع,صناعي,داريا,,,,240.0,,240,,5,False,,"للبيع معمل🎯

معمل بداريا القبلية
قبل التاون سنتر طريق المعامل
١٠قصبات طابو زراعي 
مكون من طابقين معمرين
والتالت سطح معمر عليه غرفتين
مساحة كل طابق ٢٤٠ متر
معو بير ماء مشترك
3 ساعات مني فاز
كهرباء خط ذهبي مابتقطع الكهربا
اوتستراد درعا بعد جامع الحسن البصري بدخلتين على اليمين
 في بتم الطريق معرض سيارات
قبل المعرض على اليمين
طريق المعامل
Read more"
c975e8ae1a,2026-08-08,"8/8/26, 11:11:39 PM",بيع,صناعي,,250000.0,USD,السعر 250 الف $,78.0,,,3205.13,6,True,,"معمل بالسويقة للبيع🎯
مرخص صناعي

مساحة ٧٨ متر
٥ اغلاق
كسوة قديمة
يوجد ساعة كهرباء
تريفاز 
طابو اخضر
السعر 250 الف $ بدون العدة
ممكن بازار ناعم
فروغ وملكيه
يوجد فيديو للزبون🎯"
8e046e7b97,2026-08-08,"8/8/26, 10:50:01 PM",غير محدد,أرض,ركن الدين,,,,100.0,,قبو تدفئة ارضية حديثة,,4.5,True,,"منزل ارضي🌻
 بشرقي ركن الدين قرب صالة الانس  طلوع كم درجة مساحة داخلية ١٠٠متر +تراس وحديقة ٨٥متر سوبرغرفتين نوم وصالون حرف ال شرقي شمالي مع حصة بالسطح والقبو تدفئة ارضية حديثة منهي ٢٢٥يوجدفيديو ممنوع من النشر🌻"
416344f19e,2026-08-08,"8/8/26, 10:22:46 PM",بيع أو إيجار,تجاري/مكتب,صالحيه,100000.0,USD, المطلوب 100 الف$,80.0,,ثالث,1250.0,4,True,,"للبيع او للاجار🎯
شقه بالصالحيه شهداء ضمن السوق التجاري غرفتين وصالون ومنتفعات و شرفه طابق ثالث سوكه كسوة جيدة مساحه 80 متر حكم محكمه قطعي
اجار 450 $ شهري
الدفع سنوي 
 المطلوب 100 الف$ وسكرا يوجد فيديو🎯"
2cfb9fcd18,2026-08-08,"8/8/26, 9:20:45 PM",إيجار,تجاري/مكتب,الميسات,400.0,USD,400 دولار,,,رابع,,3.5,True,,"نعتذر من المكاتب والوسطاء
لقطة بيت للاجار
📍📍📍📍📍
بالميسات للاجار 
غرفة وصالون لعرسان 
مفروش  طابق رابع مع مصعد 
400 دولار منهي منهي 
الدفع سنوي + شهر عمولة مكتب شهر
يوجد فيديو
📍📍📍📍"
8649952907,2026-08-08,"8/8/26, 1:27:03 PM",بيع,تجاري/مكتب,شارع خالد بن الوليد,135000.0,USD,مطلوب 135الف $,120.0,,اول,1125.0,10,True,,"للبيع بيت
⚘️⚘️⚘️⚘️⚘️⚘️⚘️ عالشارع العام شارع خالد بن الوليد قريب من  جامع شويكة 120 متر طابو أخضر طابق اول فني غربي شمالي 
مطلوب 135الف $ وفي بازار 
يصلح عيادات او مكاتب او شقة سكنية 
مكون من 5 غرف وصالون و2 برندات صغار وحمامين ومطبخ. 
يوجد فيديو
⚘️⚘️⚘️⚘️⚘️⚘️"
022c5994b2,2026-08-08,"8/8/26, 12:50:03 PM",بيع,سكني,مزة,16000.0,USD,المطلوب 16 الف$,,,2,,2,True,,"للبيع شقه🎯
بالمزة 86 واجهه عالشا،ع
مطل على الشيخ سعد 
البيع مع الفرش كسوة جيدة
طابق 2  غرفة نوم وصالون كبير ومنتفعات 
عداد مي وساعة كهربا
المطلوب 16 الف$
يوجد فيديو🎯"
023c84a2cf,2026-08-08,"8/8/26, 7:54:55 AM",بيع,سكني,المهاجرين,260000.0,USD,المطلوب 260 الف$,,,تاني,,4,True,,"للبيع🌹
مساحته ١٨٥ 
كسوة سوبر ديلوكس 
اتجاه قبلي شرقي وفي غرفة شمالي ومطبخ غربي 
البناية زاوية 
طابق تاني 
كسوة سوبر ديلوكس مشطب جديد 
صالون كبير وموزع و ٤ غرف نوم وغرفة تخزين وغرفة سفرة وبرندا وحمامين
بابين للشقة 
ابجورات كهرباء 
الموقع المهاجرين شطة تالت بناية عن السكة
المطلوب 260 الف$ و بازار يوجد فيديو🌹"
e0346831d9,2026-08-08,"8/8/26, 7:54:55 AM",بيع,تعليمي,الجبة,300000.0,USD,مطلوب 300الف $,180.0,,3,1666.67,5,True,,"منزل للبيع🌻
 بطلعة الجبة قرب مدرسة دمشق الوطنية طابق ٣مساحة ١٨٠متر مع سطح طابو٧٦متر مع امكانية تركيب مصعد عبارة عن ٦غرف وموزعين اخدكل الاتجاهات كسوة قديمة
مطلوب ٣٠٠الف $
يوجدفيديو🌻"
7b7e4a5c21,2026-08-08,"8/8/26, 5:12:31 AM",بيع,سكني,بلودان,25000.0,USD,مطلوب 25000 الف$,90.0,,,277.78,5,True,,"شقة ببلودان للبيع🎯
 ع العظم .. ضمن اجمل مجمع سكني ببلودان .. يتضمن مرافق وخدمات عديدة .. منها الناطور والكراج المستقل و المسبح والحديقة لاند سكيب وصالة جيم وصالة العاب وغيرها .. مع اطلاله جميله جدا 
المساحة ٩٠ متر
والملكية طابو اخضر نظامي بريء الذمة .
مطلوب 25000 الف$
فقط اثنان وعشرون الف دولار وخمسمائة
يوجد فيديو🎯"
f35df452ef,2026-08-07,"8/7/26, 9:24:36 AM",بيع,فندق/سياحي,,,,,450.0,,ارضي,,5,False,,"للبيع🌹
: فندق للبيع في باب الجابيه
كسوه قديمة جيدة 
الطابق الاول ٢١غرفة
الطابق الارضي غرف ومستودعات كبيرة وارض ديار مع فسحة سماوية ومدخل كبير للفندق ومكتب استقبال مساحة طابقية ٤٥٠ متر
ملكيه و فروغ"
0cd5ed67a6,2026-08-07,"8/7/26, 7:08:22 AM",بيع,سكني,ركن الدين,180000.0,USD,المطلوب  180 الف$,100.0,,اول,1800.0,2,False,,"للبيع شقه💥
بالشرقي ركن الدين
طابق اول
اطلاله على الحدائق من الجهتين
مساحه 100 متر
الاتجاهات شرقي غربي
٣ غرف وصوفا
كسوة قديمه 
المطلوب  180 الف$
يوجد صوؤ💥"
fb1cea2898,2026-08-07,"8/7/26, 7:06:15 AM",بيع,سكني,ركن الدين,210000.0,USD,المطلوب 210 الف$,120.0,,خامس,1750.0,5,True,,": بيت للبيع🎯
 شرقي ركن الدين 
كسوة سوبر
3 غرف وصالون
 مساحة 120
كسوة جديدة
طابق خامس مع مصعد 
قبلي غربي شمالي 
إطلالة جميلة 
طابو أخضر  2400
 في حصة بالسطح
وطاقة مي وطاقة كهربا
المطلوب 210 الف$ و بازار
يوجد صور للزبون🎯"
437d6a1f15,2026-08-07,"8/7/26, 7:01:26 AM",بيع,سكني,ركن الدين,160000.0,USD,المطلوب  160 الف $,90.0,,أول,1777.78,2,True,,"منزل للبيع🌷
 بشرقي ركن الدين 
خلف الإمداد والتموين 
مساحة 90 متر طابق أول 
الكسوة قديمة 
 شمالي غربي 
غرفتين و صالون و موزع
المطلوب  160 الف $  و سكرا
يوجد فيديو 🌷"
a03eeac2ab,2026-08-07,"8/7/26, 6:36:45 AM",إيجار,صناعي,,10000.0,USD, وألمنيوم وتمديد كهرباء بأجار سنوي 10000دولار,270.0,,أول,37.04,5,True,,"للإيجار معمل🎯
 بلقابون خلف الكراجات مقابل معمل كراش يصلح لكافة الصناعات طابق أول مساحة 270متر بحاجة الى دهان وألمنيوم وتمديد كهرباء بأجار سنوي 10000دولار
لا يوجد صور عالواقع🎯"
d3bdefb65b,2026-08-07,"8/7/26, 6:36:45 AM",بيع,محل,الزبلطاني,33000.0,USD, مطلوب   33 الف $,60.0,,1,550.0,7,True,,"٣ محلات  للبيع🎯
طابق١
 الاول ٣٠ متر بدون سقيفة
 الثاني ٣٠ متر مع سقيفة ١٥ متر
 ثالث ٦٠ متر مع سقيفة عدد ٢
 الزبلطاني
كسوة وسط يصلح لاي عمل تجاري
 مدخل المواصلات
 الملكيه   فراغ محافظة
 مطلوب   33 الف $ كل واحد
لا يوجد صور عالواقع🎯"
921ba93a05,2026-08-07,"8/7/26, 6:36:44 AM",إيجار,صناعي,,6000.0,USD, وألمنيوم وتمديد كهرباء بأجار سنوي 6000دولار,150.0,,أول,40.0,5,True,,"للإيجار معمل🎯
 بلقابون خلف الكراجات مقابل معمل كراش يصلح لكافة الصناعات طابق أول مساحة 150متر بحاجة الى دهان وألمنيوم وتمديد كهرباء بأجار سنوي 6000دولار
لا يوجد صور عالواقع🎯"
fe21c2de92,2026-08-07,"8/7/26, 4:11:34 AM",إيجار,غير مصنف,المالكي,20000.0,USD,مطلوب 20 الف$,130.0,,اول,153.85,0,True,,"للاجار في المالكي🪷
 طابق اول فني مساحة ١٣٠ متر كسوه سوبر
التوزيع غرفتين نوم و صالون كسوة رائعة 🌟
مع طاقة و كميرات و تجهيزات كاملة
مفروش 
بلكون كبيرة
مطلوب 20 الف$
لا يوجد صور🪷"
18179e4033,2026-08-06,"8/6/26, 12:19:45 PM",بيع,سكني,برنية,,,,160.0,,,,7,False,,"مواعيدو من 4 لل 6
🎯🎯🎯🎯🎯🎯
🏡 للبيع 🌷
– شقة مميزة في شارع برنية 🌿 مع إطلالة ساحرة
📍 الموقع: شارع برنية
🏢 الطابق: الأول الفني
📐 المساحة: 160 م²
🧭 الاتجاهات: قبلي – شمالي – شرقي
🌳 الإطلالة: مباشرة على الشارع العام والحزام الأخضر
التوزيع الداخلي: 
▪️ خمس غرف وصالون
▪️ برندتان
 ■ الإكساء قديم، لكن مع لمسة تجديد وفق ذوق رفيع، ستتحول الشقة إلى تحفة فنية 
▪️ طابو أخضر
▪️ مكان مخصص لتركيب الطاقة الشمسية على السطح
Read more"
da7ac5d597,2026-08-06,"8/6/26, 12:19:45 PM",بيع,سكني,ركن الدين,,,,80.0,,"قبو  نزول شاحط 

⚜️الملكيه",,3,False,,"🌷⚜️⚜️للبيع شقة 
⚜️المنطقة : ركن الدين شارع اسد الدين طلعه ميقريه جانب حلويات الايوبي 

⚜️الوصف الداخلي : غرفتين وصالون ومطبخ اميركي مفتوح عصالون مع غاز غطس مع فلتر هواء 
وحديقه وشلال 
⚜️الكسوه : سوبر ديلوكس  

⚜️الاتجاهات : شمالي 

⚜️المساحه :   80م وحديقه 20 م

⚜️الطابق : قبو  نزول شاحط 

⚜️الملكيه : ملكيه مشتركه فراغ ساعة  كهربا وصرلو حكم محكمه وصف حاله راهنه 
Read more"
4f5750e66f,2026-08-06,"8/6/26, 11:20:26 AM",إيجار,تجاري/مكتب,,,,,,,تاني,,2,True,,"منزل للايجار 🎯
ثلاث غرف وصالون ومطبخ وحمامين وبرندا ✨
مفروش بالكامل مع كهربائيات المطبخ ومكيفات ومروحة بكل غرفة وسخان ماء كهربا ومازوت ⚡
طابق تاني لا يوجد مصعد 
عنوان الخطيب 💥 السعر 12.الف$ بالسنة 
اجار سنوي  وفي حكي بالسعر 
وعمولة مكتب
يوجد فيديو🎯"
a41b2091a7,2026-08-06,"8/6/26, 11:15:15 AM",إيجار,تجاري/مكتب,برزة,1000.0,USD,المطلوب 1000$,141.0,,اول,7.09,2,True,,"للاجار منزل🎯
مفروش
طابق اول مساحة 141 متر
ببرزة شارع الرفاعي
غرفتين وصالونين
كسوة ممتازة
المطلوب 1000$ بالشهر
والاجار سنوي حصرا
و عمولة شهر مكتب
يوجد فيديو🎯"
6404404b5b,2026-08-06,"8/6/26, 8:24:08 AM",بيع,تعليمي,يعفور,1400000.0,USD,"0 متر مع قبو بنفس المساحة. المطلوب 1,400,000 دولار",130.0,5.0,130,10769.23,8.5,False,,"للبيع عقار استثماري🎯🎯 لقطططططططططه
 مميز بمنطقة يعفور، شارع المدرسة الباكستانية، بمساحة 5 دونم، طابو أخضر ومرخص، يضم فيلتين، مسبح، أشجار زيتون وفواكه، وبئرَي مياه جاهزين مع مياه وفيرة. الفيلا الأولى جاهزة بإكساء قديم جيد جداً، مؤلفة من طابقين مساحة كل طابق 130 متر مع قبو بنفس المساحة، والفيلا الثانية بإكساء خارجي وتمديدات داخلية جاهزة، مؤلفة من طابقين مساحة كل طابق 80 متر مع قبو بنفس المساحة. المطلوب 1,400,000 دولار، قابل للتفاوض (بازار).
يوجد.صورممنوع نشرهم🎯🎯"
f2693a8c61,2026-08-05,"8/5/26, 11:02:52 PM",إيجار,تجاري/مكتب,البرامكة,1000.0,USD,ندا كبيرة  كسوة قديمة نظيقة  مطلوب 1000$,145.0,,تاني,6.9,3.5,False,,"بيت للاجار السنوي ⚘️ مفروش او بدون            ((نفس السعر)) يصلح مكتب غير معلن او سكني او منظمات  بالبرامكة موقع مميز جداا منطقة هادية .. يوجد العديد من مصفات السيارات ... اطلالة جميلة جداا عند جامع مصعب بن عمير طابق تاني مساحة ١٤٥ متر  ٤ وصالون بر ندا كبيرة  كسوة قديمة نظيقة  مطلوب ١٠٠٠$ سعر منهي  بالشهر  وعمولة شهر مكتب  وتامين كهربا.
يوجد فديو⚘️"
2fded69704,2026-08-05,"8/5/26, 10:13:32 PM",إيجار,تعليمي,الميدان,,,,145.0,,2,,2,False,,"•  للايجار مفروش🌻🌻 سنوي منزل في دمشق
•  *الموقع منطقة الميدان جزماتية جانب مدرسة حسان بن ثابت
•  المساحة 145م٢
•  ط 2 من اصل 3 طوابق
كل طابق شقة
•  2غرف نوم
•  غرفة جلوس
•  صالون مع غرفة سفرة
•  حمام و مطبخ
•  كاميرات مراقبة لمدخل البناء
•  وباب حديد حماية وانترفون
•  كسوة سوبر ديلوكس وفرش كامل مكيفات لكل الغرف
•  أرضية رخام
•  هاتف أرضي عدد ٢ و بوابة نت
•  مدخل مرتب درج رخام مريح
Read more"
d2efce2668,2026-06-26,2026-06-26,بيع,تعليمي,شارع بغداد,400000.0,USD, طابو اخضر 2400 ⭕ تسليم فوري ⭕ سعر 400 الف$,310.0,,قبو يصلح مشفى أو,1290.32,9,False,,للبيع ⭕منطقة شارع بغداد خلف كازية عوض⭕ أرضي بلاطة كاملة⭕ المساحة:310م² داخلي⭕ و170م² حدائق وفي الحديقة معمر 3 غرف خارجية ممكن تسخدم كمستودعات ⭕ يوجد باب خارجي مستقل⭕ من الشارع مباشرة وباب من البناء أرضه حرة لا يوجد قبو يصلح مشفى أو معهد ⭕ إكساء قديم نظيف ⭕ طابو اخضر ٢٤٠٠ ⭕ تسليم فوري ⭕ سعر 400 الف$ وبازار ⭕
5c24bf77a4,2026-06-26,2026-06-26,بيع,محل,العدوي,75000.0,USD,ب لـ تجارة مكتب استثمار مضمون⭕ سعر 75الف$,40.0,,,1875.0,9.5,False,,للبيع ⭕محل تجاري المنطقة دمشق العدوي بالقرب من جامع الثناء⭕ المساحة: 40 م²⭕ التقسيم: طابقين بتوزيع عملي ومناسب للاستثمار⭕ الملكية: طابو أخضر ⭕ الكسوة: سوبر ديلوكس ⭕ مناسب لـ تجارة مكتب استثمار مضمون⭕ سعر 75الف$ منهي ⭕
0de292a4fc,2026-06-26,2026-06-26,بيع,تجاري/مكتب,عرنوس,100000.0,USD,يصلح جميع المهن التجارية سعر البيع 100 الف $,60.0,,قبو تجاري⭕ عرنوس جانب,1666.67,7,False,,للبيع ⭕ قبو تجاري⭕ عرنوس جانب السفارة البلغارية مساحة ٦٠ م⭕ عبارة عن صالة وحمام ومطبخ كسوة سوبر ديلوكس جديدة طاقة بديلة سطح مشترك وقبو خدمات مشترك⭕ مرخص شركة ادوية ومستودع ادوية ويصلح جميع المهن التجارية سعر البيع 100 الف $ وبازار ⭕
340293ba09,2026-06-26,2026-06-26,بيع,أرض,أبو رمانة,,,,250.0,,أرضي,,7,False,,للبيع⭕ في أبو رمانة مقابل الفورسيزن طابق أرضي طلوع 4 درجات ارتفاع داخلي 4.5 م المساحة الداخلية: 250 م² تراس: 90 م² حديقة تحيط بالمنزل باب مستقل من الحديقة + باب من البناء النظامي قبو عدد 2 مساحة كل قبو 45 م² أرض حرة 5 غرف + صالون واسع الملكية: طابو أخضر يصلح سكني أو تجاري مكتب عيادة سفارة شركة سعر مليون دولار وبازار
fb033ba79c,2026-06-26,2026-06-26,بيع,تجاري/مكتب,المالكي,500000.0,USD,لجهات كسوة جيدة جداً السعر مليون و 500 الف دولار,600.0,,,833.33,9,False,,للبيع ⭕ شقة تجارية مميزة المالكي قرب نهاية نزلة عدنان المالكي 600 م² 300 داخلي + 300 حديقة 11 غرفة طابو تجاري 2400 سهم مدخل مستقل + حصة بالسطح كافة الجهات كسوة جيدة جداً السعر مليون و 500 الف دولار
618681032e,2026-06-17,2026-06-17,غير محدد,أرض,المالكي,400000.0,USD, ومطبخ الملكية طابو 2400 سهم السعر 400 الف $,300.0,,ارضي,1333.33,4.5,True,,لقطة بالمالكي جادة قرطبة عقار يصلح شركة، عيادات، مركز طبي، مهنة فكرية، سكني الارتفاع ارضي نزول ٧ درجات المساحة ٣٠٠ متر تقريبا ٢١٥ داخلي ٨٥ حديقة ٦ غرف وصالون غرفة ماستر وحمامين ومطبخ الملكية طابو ٢٤٠٠ سهم السعر 400 الف $ لا يوجد صور
9fce8d01b8,2026-06-16,2026-06-16,بيع,تجاري/مكتب,الجبة,,,,100.0,,قبو مساحة 100م² فايش,,8.5,False,,للبيع بسعر لقطة منطقة الجبة قريب ع دوار تربية قبو مساحة 100م² فايش نزول سبع درجات 3 غرف وصالون كبير ومطبخ وحمامين يوجد دخلين + حديقة 20 م² + مستودع صغير طابو اخضر 2400 سهم يصلح سكني تجاري تعليمي صحي جمعية خيرية
b2f7185fae,2026-06-15,2026-06-15,بيع,غير مصنف,شهبندر,400000.0,USD,ب الملكية طابو أخضر 2400 سهم السعر 400 الف$,200.0,,أول,2000.0,4,False,,للبيع الشهبندر جادة عمر المختار المساحة 200م² طابق أول 5 غرف وصالون الإكساء قيد تشطيب الملكية طابو أخضر 2400 سهم السعر 400 الف$ وبازار
c49daf431a,,"والسعر 15مليار وبازار مرتب🌹
[8/8/26, 7:54:55 AM",بيع,مزرعة/فيلا,المزرعة,300000.0,USD,السعر المطلوب : 300 ألف دولار,200.0,,رابع,1500.0,6,True,,"للبيع شقة لقططططه🎯🎯
 إطلالة خلابة بسعر لقطططة بمنطقة المزرعة شارع الملك العادل(قرب بنك سوريا والمهجر
الإرتفاع الطابقي : طابق رابع مع مصعد حديث خاص بالشقة .
المساحة : 200 م
الإتجاهات : قبلي شرقي غربي . 
الإكساء : سوبر ديلوكس .
الملكية : طابو أخضر 2400 سهم .
الوصف : 3 غرف وصالون كبييير ( الصالون عبارة عن غرفة ضيوف وغرفة سفرة ) ومطبخ حديث وحمامين وبرندتين وتراس جميل جدااا .
السعر المطلوب : 300 ألف دولار وبازار .
يوجد فيديو🎯🎯"
9b2ab25ddf,,"والسعر 15مليار وبازار مرتب🌹
[8/8/26, 5:12:31 AM",بيع,أرض,الروضة,25000.0,USD,مطلوب 25000 الف$,95.0,,ارضي,263.16,4,True,,"شقة للبيع🎯
 ارضية في جرمانا الروضة 
مساحة ٩٥ متر مربع 
ثلاث غرف كبار وصالون ومطبخ وحمام و وجيبه وشرفه 
قابلة للتقسيم الى شقتين بمدخلين مستقلين 
منطقة مخدمة وهادئة 
الملكية حكم محكمة 
مطلوب 25000 الف$
فقط ثلاث وعشرون الف دولار وسبعمائة
يوجد فيديو🎯"
